-- phpMyAdmin SQL Dump
-- version 4.9.7
-- https://www.phpmyadmin.net/
--
-- Host: localhost:3306
-- Generation Time: Mar 09, 2023 at 01:57 PM
-- Server version: 5.7.39
-- PHP Version: 7.4.30

SET SQL_MODE = "NO_AUTO_VALUE_ON_ZERO";
SET AUTOCOMMIT = 0;
START TRANSACTION;
SET time_zone = "+00:00";


/*!40101 SET @OLD_CHARACTER_SET_CLIENT=@@CHARACTER_SET_CLIENT */;
/*!40101 SET @OLD_CHARACTER_SET_RESULTS=@@CHARACTER_SET_RESULTS */;
/*!40101 SET @OLD_COLLATION_CONNECTION=@@COLLATION_CONNECTION */;
/*!40101 SET NAMES utf8mb4 */;

--
-- Database: `clientrdtmarkets_coin`
--

-- --------------------------------------------------------

--
-- Table structure for table `deposit`
--

CREATE TABLE `deposit` (
  `id` int(11) NOT NULL,
  `userId` int(11) NOT NULL,
  `depositAmount` int(11) NOT NULL,
  `depositCurrency` varchar(50) NOT NULL,
  `depositDate` date NOT NULL,
  `depositMethod` varchar(50) NOT NULL,
  `status` varchar(50) NOT NULL
) ENGINE=MyISAM DEFAULT CHARSET=latin1 ROW_FORMAT=DYNAMIC;

-- --------------------------------------------------------

--
-- Table structure for table `kycdocuments`
--

CREATE TABLE `kycdocuments` (
  `id` int(11) NOT NULL,
  `userId` int(11) NOT NULL,
  `docName` varchar(288) DEFAULT NULL,
  `docType` varchar(20) DEFAULT NULL,
  `docPath` varchar(288) DEFAULT NULL,
  `docSize` int(11) DEFAULT NULL,
  `docDate` date NOT NULL,
  `verfiedStatus` int(11) NOT NULL DEFAULT '0' COMMENT '0-not verified, 1-verified'
) ENGINE=MyISAM DEFAULT CHARSET=latin1 ROW_FORMAT=DYNAMIC;

--
-- Dumping data for table `kycdocuments`
--

INSERT INTO `kycdocuments` (`id`, `userId`, `docName`, `docType`, `docPath`, `docSize`, `docDate`, `verfiedStatus`) VALUES
(128, 10002, 'photo_2023-03-02_12-11-03.jpg', 'addressProof', 'uploads/kycDocuments/6400947bbb530.jpg', 151807, '2023-03-02', 0),
(127, 10002, 'photo_2023-03-02_12-11-03.jpg', 'photoId', 'uploads/kycDocuments/64009473c510a.jpg', 151807, '2023-03-02', 0);

-- --------------------------------------------------------

--
-- Table structure for table `loginhistory`
--

CREATE TABLE `loginhistory` (
  `id` int(11) NOT NULL,
  `userId` int(11) NOT NULL,
  `loginDate` timestamp NOT NULL DEFAULT CURRENT_TIMESTAMP,
  `browser` varchar(50) NOT NULL,
  `ipAddress` varchar(50) NOT NULL
) ENGINE=InnoDB DEFAULT CHARSET=latin1 ROW_FORMAT=DYNAMIC;

--
-- Dumping data for table `loginhistory`
--

INSERT INTO `loginhistory` (`id`, `userId`, `loginDate`, `browser`, `ipAddress`) VALUES
(5816, 10005, '2022-10-27 08:18:07', 'Google Chrome on windows', '185.149.143.94'),
(5817, 10005, '2022-10-27 12:23:09', 'Google Chrome on windows', '188.43.136.45'),
(5818, 10005, '2022-10-27 12:30:43', 'Google Chrome on windows', '23.106.169.120'),
(5819, 9999, '2022-10-27 12:53:47', 'Google Chrome on mac', '103.107.197.3'),
(5820, 9999, '2022-10-27 12:58:01', 'Google Chrome on mac', '103.107.197.3'),
(5821, 10005, '2022-10-27 13:31:53', 'Google Chrome on windows', '188.43.136.45'),
(5822, 9999, '2022-10-27 13:32:44', 'Google Chrome on windows', '188.43.136.45'),
(5823, 9999, '2022-10-27 13:40:24', 'Google Chrome on windows', '103.107.197.3'),
(5824, 10005, '2022-10-27 13:45:35', 'Google Chrome on windows', '188.43.136.45'),
(5825, 9999, '2022-10-27 13:47:58', 'Google Chrome on windows', '188.43.136.45'),
(5826, 10005, '2022-10-27 13:49:53', 'Google Chrome on windows', '188.43.136.45'),
(5827, 9999, '2022-10-27 14:03:24', 'Google Chrome on windows', '188.43.136.45'),
(5828, 10005, '2022-10-27 14:14:04', 'Google Chrome on windows', '188.43.136.45'),
(5829, 9999, '2022-10-27 14:19:50', 'Google Chrome on windows', '188.43.136.45'),
(5830, 10005, '2022-10-27 18:16:43', 'Google Chrome on windows', '188.43.136.45'),
(5831, 9999, '2022-10-27 18:16:53', 'Google Chrome on windows', '188.43.136.45'),
(5832, 10005, '2022-10-27 20:26:08', 'Google Chrome on windows', '188.43.136.45'),
(5833, 10005, '2022-10-28 03:49:26', 'Google Chrome on windows', '45.248.76.222'),
(5834, 9999, '2022-10-31 16:30:27', 'Google Chrome on windows', '188.43.136.45'),
(5835, 10000, '2022-10-31 16:32:07', 'Google Chrome on windows', '188.43.136.45'),
(5836, 9999, '2022-10-31 17:04:35', 'Google Chrome on windows', '188.43.136.45'),
(5837, 10000, '2022-10-31 17:08:28', 'Google Chrome on windows', '188.43.136.45'),
(5838, 9999, '2022-10-31 17:08:52', 'Google Chrome on windows', '188.43.136.45'),
(5839, 10000, '2022-10-31 17:09:23', 'Google Chrome on windows', '188.43.136.45'),
(5840, 9999, '2022-10-31 17:26:01', 'Google Chrome on linux', '185.243.218.27'),
(5841, 10000, '2022-10-31 17:27:41', 'Mozilla Firefox on Unknown', '156.146.55.226'),
(5842, 10000, '2022-10-31 17:37:41', 'Google Chrome on linux', '188.68.56.86'),
(5843, 9999, '2022-10-31 17:38:22', 'Google Chrome on linux', '188.68.56.86'),
(5844, 9999, '2022-10-31 17:39:20', 'Google Chrome on linux', '188.68.56.86'),
(5845, 10000, '2022-10-31 17:42:00', 'Google Chrome on linux', '188.68.40.46'),
(5846, 10000, '2022-10-31 17:52:57', 'Google Chrome on windows', '188.43.136.45'),
(5847, 10000, '2022-10-31 17:56:05', 'Google Chrome on windows', '188.43.136.45'),
(5848, 10000, '2022-11-04 18:54:47', 'Google Chrome on windows', '188.43.136.45'),
(5849, 10000, '2022-11-05 11:37:58', 'Google Chrome on windows', '188.43.136.45'),
(5850, 9999, '2022-11-05 11:38:13', 'Google Chrome on windows', '188.43.136.45'),
(5851, 10000, '2022-11-05 11:39:43', 'Google Chrome on windows', '188.43.136.45'),
(5852, 10000, '2022-11-06 13:17:47', 'Google Chrome on windows', '188.43.136.45'),
(5853, 9999, '2022-11-06 13:17:58', 'Google Chrome on windows', '188.43.136.45'),
(5854, 10000, '2022-11-06 13:18:54', 'Google Chrome on windows', '188.43.136.45'),
(5855, 9999, '2022-11-06 13:21:02', 'Google Chrome on windows', '188.43.136.45'),
(5856, 10000, '2022-11-06 13:21:50', 'Google Chrome on windows', '188.43.136.45'),
(5857, 9999, '2022-11-06 14:23:51', 'Google Chrome on linux', '45.128.133.242'),
(5858, 10000, '2022-11-06 14:29:48', 'Google Chrome on windows', '188.43.136.45'),
(5859, 9999, '2022-11-06 14:30:34', 'Google Chrome on windows', '188.43.136.45'),
(5860, 9999, '2022-11-09 10:09:49', 'Google Chrome on linux', '212.192.246.54'),
(5861, 9999, '2022-11-09 12:52:04', 'Google Chrome on linux', '109.70.100.32'),
(5862, 10000, '2022-11-11 13:58:05', 'Google Chrome on windows', '188.43.136.45'),
(5863, 10000, '2022-11-14 00:53:24', 'Google Chrome on windows', '188.43.136.45'),
(5864, 9999, '2022-11-14 00:58:33', 'Google Chrome on windows', '188.43.136.45'),
(5865, 10005, '2022-11-14 00:58:42', 'Google Chrome on windows', '188.43.136.45'),
(5866, 9999, '2022-11-14 10:16:57', 'Google Chrome on windows', '188.43.136.45'),
(5867, 9999, '2022-11-14 10:32:43', 'Google Chrome on windows', '188.43.136.45'),
(5868, 9999, '2022-11-14 13:01:26', 'Google Chrome on windows', '188.43.136.45'),
(5869, 10000, '2022-11-14 13:33:59', 'Google Chrome on windows', '188.43.136.45'),
(5870, 9999, '2022-11-14 14:01:42', 'Google Chrome on windows', '188.43.136.45'),
(5871, 9999, '2022-11-14 14:42:30', 'Google Chrome on windows', '188.43.136.45'),
(5872, 10008, '2022-11-15 16:01:44', 'Google Chrome on windows', '103.107.197.3'),
(5873, 10008, '2022-11-15 16:03:35', 'Google Chrome on windows', '103.107.197.3'),
(5874, 9999, '2022-11-16 15:35:55', 'Google Chrome on linux', '23.128.248.205'),
(5875, 9999, '2022-11-16 15:39:50', 'Google Chrome on windows', '188.43.136.45'),
(5876, 9999, '2022-11-16 15:40:07', 'Google Chrome on windows', '188.43.136.45'),
(5877, 9999, '2022-11-16 15:57:09', 'Google Chrome on linux', '185.220.101.40'),
(5878, 9999, '2022-11-16 16:24:43', 'Google Chrome on linux', '185.220.102.253'),
(5879, 9999, '2022-11-16 16:31:44', 'Google Chrome on linux', '103.251.167.10'),
(5880, 9999, '2022-11-16 16:34:09', 'Google Chrome on windows', '188.43.136.45'),
(5881, 9999, '2022-11-16 16:50:20', 'Google Chrome on windows', '188.43.136.45'),
(5882, 9999, '2022-11-16 16:51:02', 'Google Chrome on linux', '185.220.100.252'),
(5883, 9999, '2022-11-16 17:08:20', 'Google Chrome on linux', '185.220.101.48'),
(5884, 10011, '2022-11-16 17:09:30', 'Google Chrome on linux', '185.220.101.48'),
(5885, 9999, '2022-11-16 19:08:58', 'Google Chrome on windows', '188.43.136.45'),
(5886, 10012, '2022-11-17 17:21:37', 'Google Chrome on windows', '103.107.197.3'),
(5887, 10013, '2022-11-18 09:59:31', 'Google Chrome on windows', '87.249.133.114'),
(5888, 10013, '2022-11-18 10:08:55', 'Google Chrome on windows', '87.249.133.114'),
(5889, 9999, '2022-11-22 06:56:43', 'Google Chrome on windows', '188.43.136.45'),
(5890, 9999, '2022-11-22 07:05:17', 'Google Chrome on windows', '188.43.136.45'),
(5891, 9999, '2022-11-22 09:20:44', 'Google Chrome on windows', '188.43.136.45'),
(5892, 9999, '2022-11-22 09:44:17', 'Google Chrome on windows', '188.43.136.45'),
(5893, 10016, '2022-11-22 10:55:52', 'Google Chrome on windows', '103.107.197.4'),
(5894, 10016, '2022-11-22 10:57:05', 'Google Chrome on linux', '162.247.74.206'),
(5895, 10016, '2022-11-22 10:58:10', 'Google Chrome on linux', '217.138.221.247'),
(5896, 10016, '2022-11-22 10:58:14', 'Google Chrome on linux', '217.138.221.247'),
(5897, 9999, '2022-11-22 11:10:45', 'Google Chrome on linux', '109.70.100.77'),
(5898, 10016, '2022-11-22 13:22:12', 'Google Chrome on windows', '103.107.197.4'),
(5899, 9999, '2022-11-22 13:34:05', 'Google Chrome on windows', '188.43.136.45'),
(5900, 9999, '2022-11-22 13:40:26', 'Google Chrome on windows', '188.43.136.45'),
(5901, 10016, '2022-11-22 13:43:21', 'Google Chrome on windows', '188.43.136.45'),
(5902, 9999, '2022-11-22 14:41:15', 'Google Chrome on windows', '188.43.136.45'),
(5903, 10016, '2022-11-22 14:42:13', 'Google Chrome on windows', '188.43.136.45'),
(5904, 10016, '2022-11-22 14:46:48', 'Google Chrome on windows', '182.186.216.54'),
(5905, 9999, '2022-11-22 14:53:58', 'Mozilla Firefox on windows', '193.176.86.39'),
(5906, 10017, '2022-11-25 07:51:57', 'Apple Safari on mac', '92.184.102.233'),
(5907, 10017, '2022-11-25 07:59:02', 'Apple Safari on mac', '92.184.102.233'),
(5908, 10017, '2022-11-25 09:10:15', 'Apple Safari on mac', '92.184.102.98'),
(5909, 10017, '2022-11-25 11:33:29', 'Apple Safari on mac', '92.184.102.80'),
(5910, 10017, '2022-11-25 12:36:09', 'Apple Safari on mac', '92.184.102.80'),
(5911, 9999, '2022-11-25 12:41:43', 'Google Chrome on linux', '109.70.100.33'),
(5912, 10016, '2022-11-25 12:56:51', 'Google Chrome on linux', '193.142.146.213'),
(5913, 9999, '2022-11-25 13:16:27', 'Google Chrome on linux', '199.249.230.183'),
(5914, 10016, '2022-11-25 13:20:00', 'Google Chrome on linux', '199.249.230.183'),
(5915, 10017, '2022-11-25 13:31:04', 'Apple Safari on mac', '92.184.102.162'),
(5916, 9999, '2022-11-25 17:29:09', 'Google Chrome on linux', '199.249.230.183'),
(5917, 10017, '2022-11-25 17:48:47', 'Apple Safari on mac', '92.184.102.208'),
(5918, 10019, '2022-11-25 17:49:28', 'Google Chrome on windows', '37.111.207.230'),
(5919, 10017, '2022-11-25 20:21:49', 'Apple Safari on mac', '92.184.102.208'),
(5920, 9999, '2022-11-26 07:42:23', 'Google Chrome on linux', '92.87.6.117'),
(5921, 10017, '2022-11-26 13:44:52', 'Apple Safari on mac', '92.184.102.160'),
(5922, 10017, '2022-11-26 15:10:43', 'Apple Safari on mac', '92.184.102.232'),
(5923, 10017, '2022-11-26 15:57:42', 'Apple Safari on mac', '90.1.33.125'),
(5924, 10017, '2022-11-26 19:20:05', 'Apple Safari on mac', '90.1.33.125'),
(5925, 9999, '2022-11-26 21:44:55', 'Google Chrome on linux', '212.227.115.239'),
(5926, 10017, '2022-11-26 22:42:39', 'Apple Safari on mac', '90.1.33.125'),
(5927, 10017, '2022-11-27 09:34:52', 'Apple Safari on mac', '90.1.33.125'),
(5928, 10017, '2022-11-27 10:22:24', 'Apple Safari on mac', '90.1.33.125'),
(5929, 10017, '2022-11-27 12:39:56', 'Apple Safari on mac', '90.1.33.125'),
(5930, 9999, '2022-11-27 13:35:01', 'Google Chrome on windows', '188.43.136.45'),
(5931, 10017, '2022-11-27 13:59:45', 'Apple Safari on mac', '90.1.33.125'),
(5932, 10016, '2022-11-27 14:03:36', 'Google Chrome on windows', '188.43.136.45'),
(5933, 10016, '2022-11-27 14:05:09', 'Google Chrome on linux', '89.38.224.93'),
(5934, 9999, '2022-11-27 14:10:33', 'Google Chrome on linux', '185.207.104.225'),
(5935, 9999, '2022-11-27 14:18:10', 'Google Chrome on windows', '188.43.136.45'),
(5936, 10017, '2022-11-27 14:21:08', 'Apple Safari on mac', '90.1.33.125'),
(5937, 10016, '2022-11-27 14:26:38', 'Google Chrome on linux', '5.45.107.107'),
(5938, 10016, '2022-11-27 14:57:44', 'Google Chrome on linux', '89.38.224.93'),
(5939, 10016, '2022-11-27 15:21:40', 'Google Chrome on linux', '31.171.154.166'),
(5940, 10016, '2022-11-27 15:33:02', 'Google Chrome on linux', '185.220.101.37'),
(5941, 10016, '2022-11-27 15:41:34', 'Google Chrome on windows', '188.43.136.45'),
(5942, 10016, '2022-11-27 16:38:08', 'Google Chrome on windows', '188.43.136.45'),
(5943, 9999, '2022-11-27 16:40:33', 'Google Chrome on windows', '188.43.136.45'),
(5944, 10016, '2022-11-27 16:40:54', 'Google Chrome on windows', '188.43.136.45'),
(5945, 9999, '2022-11-27 16:41:54', 'Google Chrome on linux', '23.137.251.61'),
(5946, 9999, '2022-11-27 16:43:38', 'Google Chrome on windows', '188.43.136.45'),
(5947, 10016, '2022-11-27 16:44:54', 'Google Chrome on windows', '188.43.136.45'),
(5948, 9999, '2022-11-27 16:50:14', 'Google Chrome on windows', '188.43.136.45'),
(5949, 9999, '2022-11-27 16:50:15', 'Google Chrome on windows', '188.43.136.45'),
(5950, 10016, '2022-11-27 16:50:51', 'Google Chrome on windows', '188.43.136.45'),
(5951, 9999, '2022-11-27 16:57:23', 'Google Chrome on windows', '188.43.136.45'),
(5952, 10016, '2022-11-27 17:04:09', 'Google Chrome on windows', '188.43.136.45'),
(5953, 9999, '2022-11-27 17:04:58', 'Google Chrome on windows', '188.43.136.45'),
(5954, 10016, '2022-11-27 17:12:01', 'Google Chrome on windows', '188.43.136.45'),
(5955, 9999, '2022-11-27 17:24:02', 'Google Chrome on windows', '188.43.136.45'),
(5956, 10016, '2022-11-27 17:28:13', 'Google Chrome on windows', '188.43.136.45'),
(5957, 9999, '2022-11-27 17:33:47', 'Google Chrome on windows', '188.43.136.45'),
(5958, 10016, '2022-11-27 17:34:46', 'Google Chrome on windows', '188.43.136.45'),
(5959, 9999, '2022-11-27 17:42:22', 'Google Chrome on windows', '188.43.136.45'),
(5960, 10016, '2022-11-27 17:44:24', 'Google Chrome on windows', '188.43.136.45'),
(5961, 9999, '2022-11-27 17:48:15', 'Google Chrome on windows', '188.43.136.45'),
(5962, 10016, '2022-11-27 17:50:56', 'Google Chrome on windows', '188.43.136.45'),
(5963, 9999, '2022-11-27 17:54:18', 'Google Chrome on windows', '188.43.136.45'),
(5964, 10016, '2022-11-27 17:58:54', 'Google Chrome on windows', '188.43.136.45'),
(5965, 10017, '2022-11-27 18:35:34', 'Apple Safari on mac', '92.184.107.108'),
(5966, 10017, '2022-11-28 03:42:29', 'Apple Safari on mac', '176.187.208.187'),
(5967, 10017, '2022-11-28 11:45:15', 'Apple Safari on mac', '92.184.102.220'),
(5968, 9999, '2022-11-28 12:51:07', 'Google Chrome on linux', '185.130.47.58'),
(5969, 10017, '2022-11-28 16:33:42', 'Apple Safari on mac', '176.187.208.187'),
(5970, 9999, '2022-11-28 19:07:04', 'Google Chrome on windows', '188.43.136.45'),
(5971, 10014, '2022-11-28 19:12:07', 'Google Chrome on windows', '188.43.136.45'),
(5972, 10014, '2022-11-28 19:18:51', 'Google Chrome on windows', '188.43.136.45'),
(5973, 10014, '2022-11-28 19:27:21', 'Google Chrome on windows', '188.43.136.45'),
(5974, 9999, '2022-11-28 19:27:34', 'Google Chrome on windows', '188.43.136.45'),
(5975, 10016, '2022-11-28 19:33:55', 'Google Chrome on windows', '188.43.136.45'),
(5976, 10016, '2022-11-28 19:37:05', 'Google Chrome on windows', '188.43.136.45'),
(5977, 9999, '2022-11-28 21:29:10', 'Google Chrome on linux', '152.89.160.189'),
(5978, 10016, '2022-11-28 21:30:19', 'Google Chrome on linux', '152.89.160.189'),
(5979, 10014, '2022-11-29 12:34:50', 'Google Chrome on windows', '188.43.136.45'),
(5980, 9999, '2022-11-29 12:35:49', 'Google Chrome on linux', '51.89.153.112'),
(5981, 10016, '2022-11-29 12:36:20', 'Google Chrome on linux', '51.89.153.112'),
(5982, 9999, '2022-11-29 12:47:04', 'Google Chrome on windows', '188.43.136.45'),
(5983, 10016, '2022-11-29 12:48:34', 'Google Chrome on linux', '77.48.28.204'),
(5984, 10014, '2022-11-29 12:59:56', 'Google Chrome on windows', '188.43.136.45'),
(5985, 9999, '2022-11-29 13:00:05', 'Google Chrome on windows', '188.43.136.45'),
(5986, 9999, '2022-11-29 13:01:58', 'Google Chrome on linux', '192.42.116.26'),
(5987, 10014, '2022-11-29 13:02:23', 'Google Chrome on windows', '188.43.136.45'),
(5988, 10014, '2022-11-29 13:34:54', 'Google Chrome on windows', '188.43.136.45'),
(5989, 10016, '2022-11-29 14:18:29', 'Google Chrome on windows', '66.90.73.115'),
(5990, 10014, '2022-11-29 14:21:00', 'Google Chrome on windows', '188.43.136.45'),
(5991, 10016, '2022-11-29 14:29:47', 'Google Chrome on windows', '66.90.73.115'),
(5992, 10025, '2022-11-29 14:33:59', 'Google Chrome on windows', '91.166.39.213'),
(5993, 10014, '2022-11-29 14:37:59', 'Google Chrome on windows', '188.43.136.45'),
(5994, 10016, '2022-11-29 14:51:11', 'Google Chrome on windows', '66.90.73.115'),
(5995, 10014, '2022-11-29 14:54:18', 'Google Chrome on windows', '188.43.136.45'),
(5996, 10016, '2022-11-29 14:56:44', 'Google Chrome on windows', '188.43.136.45'),
(5997, 10016, '2022-11-29 14:57:32', 'Google Chrome on windows', '188.43.136.45'),
(5998, 9999, '2022-11-29 14:57:45', 'Google Chrome on windows', '188.43.136.45'),
(5999, 10016, '2022-11-29 15:00:36', 'Google Chrome on windows', '188.43.136.45'),
(6000, 9999, '2022-11-29 15:02:13', 'Google Chrome on windows', '188.43.136.45'),
(6001, 10016, '2022-11-29 15:02:59', 'Google Chrome on windows', '188.43.136.45'),
(6002, 9999, '2022-11-29 15:04:19', 'Google Chrome on windows', '188.43.136.45'),
(6003, 10016, '2022-11-29 15:05:20', 'Google Chrome on windows', '188.43.136.45'),
(6004, 10027, '2022-11-29 15:58:29', 'Google Chrome on windows', '66.90.73.115'),
(6005, 10016, '2022-11-29 15:58:55', 'Google Chrome on windows', '66.90.73.115'),
(6006, 10016, '2022-11-29 15:59:52', 'Google Chrome on windows', '66.90.73.115'),
(6007, 10016, '2022-11-29 19:58:41', 'Google Chrome on windows', '39.37.219.108'),
(6008, 10017, '2022-11-30 04:41:33', 'Apple Safari on mac', '176.187.201.82'),
(6009, 9999, '2022-11-30 09:54:08', 'Google Chrome on linux', '185.100.87.202'),
(6010, 10016, '2022-11-30 09:57:57', 'Mozilla Firefox on windows', '185.220.101.6'),
(6011, 10029, '2022-11-30 10:03:07', 'Mozilla Firefox on windows', '185.220.101.6'),
(6012, 10029, '2022-11-30 10:15:26', 'Google Chrome on windows', '188.43.136.45'),
(6013, 9999, '2022-11-30 10:16:00', 'Google Chrome on windows', '188.43.136.45'),
(6014, 9999, '2022-11-30 10:50:39', 'Mozilla Firefox on windows', '37.46.113.208'),
(6015, 10016, '2022-11-30 11:00:16', 'Mozilla Firefox on windows', '185.220.101.6'),
(6016, 10025, '2022-11-30 11:06:03', 'Google Chrome on windows', '91.166.39.213'),
(6017, 10029, '2022-11-30 11:53:00', 'Mozilla Firefox on windows', '185.220.101.6'),
(6018, 10029, '2022-11-30 11:58:31', 'Google Chrome on windows', '188.43.136.45'),
(6019, 10030, '2022-11-30 12:09:44', 'Google Chrome on windows', '188.43.136.45'),
(6020, 10030, '2022-11-30 12:09:59', 'Mozilla Firefox on windows', '185.220.101.6'),
(6021, 10025, '2022-11-30 12:26:09', 'Google Chrome on windows', '91.166.39.213'),
(6022, 10017, '2022-11-30 12:40:28', 'Apple Safari on mac', '92.184.102.141'),
(6023, 9999, '2022-11-30 14:17:08', 'Google Chrome on windows', '188.43.136.45'),
(6024, 10030, '2022-11-30 14:51:06', 'Google Chrome on windows', '188.43.136.45'),
(6025, 10030, '2022-11-30 15:28:29', 'Google Chrome on linux', '185.129.62.63'),
(6026, 9999, '2022-11-30 15:31:24', 'Google Chrome on windows', '188.43.136.45'),
(6027, 10030, '2022-11-30 15:32:32', 'Google Chrome on windows', '188.43.136.45'),
(6028, 10030, '2022-11-30 15:47:32', 'Google Chrome on linux', '185.14.97.176'),
(6029, 9999, '2022-11-30 15:47:45', 'Google Chrome on linux', '185.14.97.176'),
(6030, 9999, '2022-11-30 16:06:04', 'Google Chrome on linux', '185.220.101.23'),
(6031, 10029, '2022-11-30 16:07:06', 'Mozilla Firefox on windows', '185.100.87.174'),
(6032, 9999, '2022-11-30 16:07:14', 'Google Chrome on windows', '188.43.136.45'),
(6033, 10029, '2022-11-30 16:07:51', 'Google Chrome on windows', '188.43.136.45'),
(6034, 10016, '2022-11-30 16:47:29', 'Google Chrome on linux', '185.220.100.252'),
(6035, 10017, '2022-11-30 16:49:35', 'Apple Safari on mac', '176.187.201.82'),
(6036, 9999, '2022-11-30 16:53:02', 'Google Chrome on linux', '195.176.3.20'),
(6037, 9999, '2022-11-30 17:39:46', 'Google Chrome on windows', '188.43.136.45'),
(6038, 10014, '2022-11-30 17:41:19', 'Google Chrome on windows', '188.43.136.45'),
(6039, 10017, '2022-11-30 21:57:14', 'Apple Safari on mac', '92.184.102.122'),
(6040, 10025, '2022-12-01 03:57:55', 'Google Chrome on windows', '91.166.39.213'),
(6041, 10017, '2022-12-01 08:14:18', 'Apple Safari on mac', '92.184.102.35'),
(6042, 9999, '2022-12-01 08:55:17', 'Google Chrome on linux', '185.107.70.56'),
(6043, 10016, '2022-12-01 10:09:56', 'Google Chrome on linux', '217.170.197.121'),
(6044, 9999, '2022-12-01 10:10:49', 'Google Chrome on linux', '217.170.197.121'),
(6045, 10014, '2022-12-01 10:13:54', 'Google Chrome on windows', '188.43.136.45'),
(6046, 9999, '2022-12-01 10:14:51', 'Google Chrome on windows', '188.43.136.45'),
(6047, 10016, '2022-12-01 11:43:38', 'Google Chrome on linux', '5.181.80.132'),
(6048, 10029, '2022-12-01 11:46:49', 'Google Chrome on linux', '5.181.80.132'),
(6049, 9999, '2022-12-01 12:36:24', 'Google Chrome on windows', '188.43.136.45'),
(6050, 9999, '2022-12-01 12:42:37', 'Google Chrome on windows', '188.43.136.45'),
(6051, 10025, '2022-12-01 13:01:33', 'Google Chrome on windows', '91.166.39.213'),
(6052, 10017, '2022-12-01 14:32:09', 'Apple Safari on mac', '92.184.102.224'),
(6053, 10025, '2022-12-01 15:10:20', 'Google Chrome on windows', '91.166.39.213'),
(6054, 10016, '2022-12-02 04:37:27', 'Google Chrome on windows', '188.43.136.45'),
(6055, 9999, '2022-12-02 05:31:53', 'Google Chrome on windows', '188.43.136.45'),
(6056, 10025, '2022-12-02 05:46:24', 'Google Chrome on windows', '91.166.39.213'),
(6057, 10025, '2022-12-02 10:47:02', 'Google Chrome on windows', '91.166.39.213'),
(6058, 9999, '2022-12-02 12:02:16', 'Google Chrome on linux', '212.192.246.54'),
(6059, 9999, '2022-12-02 13:25:28', 'Google Chrome on windows', '188.43.136.45'),
(6060, 10224, '2022-12-02 13:55:30', 'Google Chrome on windows', '188.43.136.45'),
(6061, 10014, '2022-12-02 13:59:39', 'Google Chrome on windows', '188.43.136.45'),
(6062, 10224, '2022-12-02 13:59:55', 'Google Chrome on windows', '188.43.136.45'),
(6063, 9999, '2022-12-02 14:02:20', 'Google Chrome on windows', '188.43.136.45'),
(6064, 9999, '2022-12-02 14:14:31', 'Google Chrome on windows', '188.43.136.45'),
(6065, 10014, '2022-12-02 14:29:47', 'Google Chrome on windows', '188.43.136.45'),
(6066, 9999, '2022-12-02 14:37:22', 'Google Chrome on windows', '188.43.136.45'),
(6067, 10014, '2022-12-02 14:37:35', 'Google Chrome on windows', '188.43.136.45'),
(6068, 9999, '2022-12-02 14:37:52', 'Google Chrome on windows', '188.43.136.45'),
(6069, 10014, '2022-12-02 14:40:10', 'Google Chrome on windows', '188.43.136.45'),
(6070, 10224, '2022-12-02 15:16:02', 'Google Chrome on windows', '188.43.136.45'),
(6071, 10014, '2022-12-02 15:16:40', 'Google Chrome on windows', '188.43.136.45'),
(6072, 10014, '2022-12-02 15:17:47', 'Google Chrome on windows', '188.43.136.45'),
(6073, 10224, '2022-12-02 15:18:18', 'Google Chrome on windows', '188.43.136.45'),
(6074, 10014, '2022-12-02 15:18:46', 'Google Chrome on windows', '188.43.136.45'),
(6075, 9999, '2022-12-02 15:19:34', 'Google Chrome on windows', '188.43.136.45'),
(6076, 10014, '2022-12-02 15:20:06', 'Google Chrome on windows', '188.43.136.45'),
(6077, 10224, '2022-12-02 15:21:31', 'Google Chrome on windows', '188.43.136.45'),
(6078, 10014, '2022-12-02 15:22:16', 'Google Chrome on windows', '188.43.136.45'),
(6079, 10224, '2022-12-02 15:27:00', 'Google Chrome on windows', '188.43.136.45'),
(6080, 10224, '2022-12-02 15:28:19', 'Google Chrome on windows', '188.43.136.45'),
(6081, 10017, '2022-12-02 16:44:41', 'Apple Safari on mac', '92.184.112.214'),
(6082, 10014, '2022-12-02 20:12:24', 'Google Chrome on windows', '188.43.136.45'),
(6083, 10014, '2022-12-02 20:42:01', 'Google Chrome on windows', '188.43.136.45'),
(6084, 10014, '2022-12-02 20:48:39', 'Google Chrome on windows', '188.43.136.45'),
(6085, 10014, '2022-12-02 20:59:33', 'Google Chrome on windows', '188.43.136.45'),
(6086, 10014, '2022-12-02 21:00:49', 'Google Chrome on windows', '188.43.136.45'),
(6087, 10224, '2022-12-02 21:18:36', 'Google Chrome on windows', '188.43.136.45'),
(6088, 10224, '2022-12-02 21:53:05', 'Google Chrome on windows', '188.43.136.45'),
(6089, 10014, '2022-12-02 22:21:16', 'Google Chrome on windows', '188.43.136.45'),
(6090, 9999, '2022-12-02 22:24:06', 'Google Chrome on windows', '188.43.136.45'),
(6091, 10014, '2022-12-02 22:25:29', 'Google Chrome on windows', '188.43.136.45'),
(6092, 10025, '2022-12-03 03:06:19', 'Google Chrome on windows', '91.166.39.213'),
(6093, 9999, '2022-12-03 09:44:37', 'Google Chrome on linux', '185.220.101.29'),
(6094, 10017, '2022-12-03 09:48:17', 'Apple Safari on mac', '92.184.112.176'),
(6095, 10017, '2022-12-03 09:48:18', 'Apple Safari on mac', '92.184.112.176'),
(6096, 10016, '2022-12-03 10:02:49', 'Google Chrome on linux', '185.220.100.251'),
(6097, 10225, '2022-12-03 10:07:09', 'Google Chrome on linux', '185.7.33.146'),
(6098, 10016, '2022-12-03 10:12:20', 'Google Chrome on linux', '185.7.33.146'),
(6099, 9999, '2022-12-03 10:18:18', 'Google Chrome on linux', '185.129.62.62'),
(6100, 9999, '2022-12-03 10:21:51', 'Google Chrome on linux', '185.129.62.62'),
(6101, 10017, '2022-12-03 12:36:15', 'Apple Safari on mac', '92.184.112.204'),
(6102, 9999, '2022-12-03 12:38:36', 'Google Chrome on windows', '188.43.136.45'),
(6103, 10224, '2022-12-03 14:31:48', 'Google Chrome on windows', '188.43.136.45'),
(6104, 9999, '2022-12-03 14:32:32', 'Google Chrome on windows', '188.43.136.45'),
(6105, 10014, '2022-12-03 14:33:20', 'Google Chrome on windows', '188.43.136.45'),
(6106, 10014, '2022-12-03 14:40:59', 'Google Chrome on windows', '188.43.136.45'),
(6107, 10014, '2022-12-03 15:29:10', 'Google Chrome on windows', '188.43.136.45'),
(6108, 10224, '2022-12-03 15:31:51', 'Google Chrome on windows', '188.43.136.45'),
(6109, 10224, '2022-12-03 15:49:38', 'Google Chrome on windows', '188.43.136.45'),
(6110, 10224, '2022-12-03 15:50:19', 'Google Chrome on windows', '188.43.136.45'),
(6111, 10224, '2022-12-03 15:51:23', 'Google Chrome on windows', '188.43.136.45'),
(6112, 10014, '2022-12-03 15:53:23', 'Google Chrome on windows', '188.43.136.45'),
(6113, 10014, '2022-12-03 15:54:58', 'Google Chrome on windows', '188.43.136.45'),
(6114, 10224, '2022-12-03 16:03:27', 'Google Chrome on windows', '188.43.136.45'),
(6115, 9999, '2022-12-03 16:03:39', 'Google Chrome on windows', '188.43.136.45'),
(6116, 10014, '2022-12-03 16:04:28', 'Google Chrome on windows', '188.43.136.45'),
(6117, 9999, '2022-12-03 16:05:24', 'Google Chrome on windows', '188.43.136.45'),
(6118, 10014, '2022-12-03 16:05:46', 'Google Chrome on windows', '188.43.136.45'),
(6119, 10224, '2022-12-03 16:06:16', 'Google Chrome on windows', '188.43.136.45'),
(6120, 10014, '2022-12-03 16:06:35', 'Google Chrome on windows', '188.43.136.45'),
(6121, 10014, '2022-12-03 16:10:34', 'Google Chrome on windows', '188.43.136.45'),
(6122, 10014, '2022-12-03 16:11:26', 'Google Chrome on windows', '188.43.136.45'),
(6123, 10224, '2022-12-03 16:11:54', 'Google Chrome on windows', '188.43.136.45'),
(6124, 10016, '2022-12-03 16:12:17', 'Google Chrome on windows', '188.43.136.45'),
(6125, 9999, '2022-12-03 16:17:47', 'Google Chrome on windows', '188.43.136.45'),
(6126, 9999, '2022-12-03 16:18:25', 'Google Chrome on windows', '188.43.136.45'),
(6127, 10014, '2022-12-03 16:19:15', 'Google Chrome on windows', '188.43.136.45'),
(6128, 10014, '2022-12-03 16:22:37', 'Google Chrome on windows', '188.43.136.45'),
(6129, 10014, '2022-12-03 16:23:19', 'Google Chrome on windows', '188.43.136.45'),
(6130, 10014, '2022-12-03 16:27:43', 'Google Chrome on windows', '188.43.136.45'),
(6131, 10014, '2022-12-03 16:29:31', 'Google Chrome on windows', '188.43.136.45'),
(6132, 10014, '2022-12-03 16:32:24', 'Google Chrome on windows', '188.43.136.45'),
(6133, 10014, '2022-12-03 16:46:34', 'Google Chrome on windows', '188.43.136.45'),
(6134, 10014, '2022-12-03 17:07:24', 'Google Chrome on windows', '188.43.136.45'),
(6135, 9999, '2022-12-03 17:08:58', 'Google Chrome on linux', '95.214.52.208'),
(6136, 10016, '2022-12-03 18:01:25', 'Google Chrome on linux', '45.151.167.11'),
(6137, 9999, '2022-12-03 18:07:00', 'Google Chrome on windows', '188.43.136.45'),
(6138, 10231, '2022-12-03 18:11:46', 'Google Chrome on linux', '185.220.102.248'),
(6139, 9999, '2022-12-03 18:12:09', 'Google Chrome on linux', '185.220.102.248'),
(6140, 10231, '2022-12-03 18:12:40', 'Google Chrome on linux', '185.220.102.248'),
(6141, 10016, '2022-12-03 18:15:20', 'Google Chrome on mac', '92.87.6.107'),
(6142, 10016, '2022-12-03 18:17:32', 'Google Chrome on linux', '92.87.6.107'),
(6143, 10231, '2022-12-03 18:19:58', 'Google Chrome on linux', '92.87.6.107'),
(6144, 9999, '2022-12-03 18:21:57', 'Google Chrome on linux', '92.87.6.107'),
(6145, 10231, '2022-12-03 18:31:15', 'Google Chrome on linux', '195.176.3.19'),
(6146, 9999, '2022-12-03 18:31:55', 'Google Chrome on windows', '188.43.136.45'),
(6147, 9999, '2022-12-03 18:32:35', 'Google Chrome on windows', '188.43.136.45'),
(6148, 9999, '2022-12-03 18:33:18', 'Google Chrome on linux', '185.207.104.225'),
(6149, 10231, '2022-12-03 18:34:59', 'Google Chrome on linux', '185.207.104.225'),
(6150, 10025, '2022-12-04 10:14:50', 'Google Chrome on windows', '91.166.39.213'),
(6151, 10017, '2022-12-04 10:16:00', 'Apple Safari on mac', '92.184.112.5'),
(6152, 10017, '2022-12-04 11:56:38', 'Apple Safari on mac', '92.184.112.1'),
(6153, 9999, '2022-12-04 12:04:44', 'Google Chrome on linux', '31.171.154.166'),
(6154, 10231, '2022-12-04 12:10:50', 'Google Chrome on linux', '185.220.101.4'),
(6155, 10017, '2022-12-04 13:23:05', 'Apple Safari on mac', '92.184.112.36'),
(6156, 10017, '2022-12-04 13:23:07', 'Apple Safari on mac', '92.184.112.36'),
(6157, 10017, '2022-12-04 15:40:39', 'Apple Safari on mac', '92.184.112.153'),
(6158, 9999, '2022-12-04 21:04:55', 'Google Chrome on windows', '188.43.136.45'),
(6159, 10224, '2022-12-04 21:07:37', 'Google Chrome on windows', '188.43.136.45'),
(6160, 10014, '2022-12-04 21:10:12', 'Google Chrome on windows', '188.43.136.45'),
(6161, 10224, '2022-12-04 21:11:40', 'Google Chrome on windows', '188.43.136.45'),
(6162, 10014, '2022-12-04 21:12:17', 'Google Chrome on windows', '188.43.136.45'),
(6163, 9999, '2022-12-04 21:13:21', 'Google Chrome on windows', '188.43.136.45'),
(6164, 10224, '2022-12-04 21:50:52', 'Google Chrome on windows', '188.43.136.45'),
(6165, 9999, '2022-12-04 21:51:05', 'Google Chrome on windows', '188.43.136.45'),
(6166, 9999, '2022-12-05 04:26:30', 'Google Chrome on windows', '188.43.136.45'),
(6167, 10014, '2022-12-05 04:28:24', 'Google Chrome on windows', '188.43.136.45'),
(6168, 9999, '2022-12-05 04:32:19', 'Google Chrome on windows', '188.43.136.45'),
(6169, 10014, '2022-12-05 04:43:06', 'Google Chrome on windows', '188.43.136.45'),
(6170, 9999, '2022-12-05 04:43:34', 'Google Chrome on windows', '188.43.136.45'),
(6171, 10014, '2022-12-05 05:05:08', 'Google Chrome on windows', '188.43.136.45'),
(6172, 10224, '2022-12-05 05:30:50', 'Google Chrome on windows', '188.43.136.45'),
(6173, 9999, '2022-12-05 05:46:14', 'Google Chrome on windows', '188.43.136.45'),
(6174, 10014, '2022-12-05 05:47:54', 'Google Chrome on windows', '188.43.136.45'),
(6175, 10014, '2022-12-05 05:49:23', 'Google Chrome on windows', '188.43.136.45'),
(6176, 10014, '2022-12-05 05:50:08', 'Google Chrome on windows', '188.43.136.45'),
(6177, 9999, '2022-12-05 05:50:29', 'Google Chrome on windows', '188.43.136.45'),
(6178, 9999, '2022-12-05 05:50:46', 'Google Chrome on windows', '188.43.136.45'),
(6179, 10014, '2022-12-05 05:51:18', 'Google Chrome on windows', '188.43.136.45'),
(6180, 10014, '2022-12-05 05:51:32', 'Google Chrome on windows', '188.43.136.45'),
(6181, 10224, '2022-12-05 05:52:29', 'Google Chrome on windows', '188.43.136.45'),
(6182, 10224, '2022-12-05 06:08:06', 'Google Chrome on windows', '188.43.136.45'),
(6183, 10224, '2022-12-05 06:08:28', 'Google Chrome on windows', '188.43.136.45'),
(6184, 9999, '2022-12-05 06:09:48', 'Google Chrome on windows', '188.43.136.45'),
(6185, 10014, '2022-12-05 08:52:41', 'Google Chrome on windows', '188.43.136.45'),
(6186, 9999, '2022-12-05 08:53:20', 'Google Chrome on windows', '188.43.136.45'),
(6187, 9999, '2022-12-05 09:12:49', 'Google Chrome on windows', '188.43.136.45'),
(6188, 10014, '2022-12-05 09:13:05', 'Google Chrome on windows', '188.43.136.45'),
(6189, 9999, '2022-12-05 09:14:02', 'Google Chrome on windows', '188.43.136.45'),
(6190, 10224, '2022-12-05 09:17:22', 'Google Chrome on windows', '188.43.136.45'),
(6191, 9999, '2022-12-05 09:19:30', 'Google Chrome on windows', '188.43.136.45'),
(6192, 10224, '2022-12-05 09:19:46', 'Google Chrome on windows', '188.43.136.45'),
(6193, 9999, '2022-12-05 09:20:13', 'Google Chrome on windows', '188.43.136.45'),
(6194, 10224, '2022-12-05 09:34:20', 'Google Chrome on windows', '188.43.136.45'),
(6195, 9999, '2022-12-05 09:35:45', 'Google Chrome on windows', '188.43.136.45'),
(6196, 10014, '2022-12-05 10:15:18', 'Google Chrome on windows', '188.43.136.45'),
(6197, 9999, '2022-12-05 10:42:47', 'Google Chrome on mac', '198.16.78.44'),
(6198, 9999, '2022-12-05 12:02:12', 'Google Chrome on windows', '188.43.136.45'),
(6199, 10016, '2022-12-05 12:18:44', 'Google Chrome on linux', '188.68.32.101'),
(6200, 9999, '2022-12-05 12:19:05', 'Google Chrome on linux', '188.68.32.101'),
(6201, 10014, '2022-12-05 12:28:06', 'Google Chrome on windows', '188.43.136.45'),
(6202, 10233, '2022-12-05 12:30:10', 'Google Chrome on linux', '185.220.101.65'),
(6203, 10016, '2022-12-05 12:33:00', 'Google Chrome on linux', '185.220.101.65'),
(6204, 10014, '2022-12-05 12:51:21', 'Google Chrome on windows', '188.43.136.45'),
(6205, 10233, '2022-12-05 12:56:08', 'Google Chrome on linux', '95.214.55.43'),
(6206, 10233, '2022-12-05 13:03:14', 'Google Chrome on linux', '95.214.55.43'),
(6207, 10225, '2022-12-05 13:09:07', 'Google Chrome on linux', '185.220.102.244'),
(6208, 10016, '2022-12-05 13:14:05', 'Google Chrome on linux', '185.220.102.244'),
(6209, 9999, '2022-12-05 13:14:26', 'Google Chrome on linux', '185.220.102.244'),
(6210, 10016, '2022-12-05 13:15:53', 'Google Chrome on linux', '185.14.97.176'),
(6211, 9999, '2022-12-05 13:18:23', 'Google Chrome on linux', '185.14.97.176'),
(6212, 10016, '2022-12-05 13:19:24', 'Google Chrome on linux', '185.14.97.176'),
(6213, 10225, '2022-12-05 13:39:27', 'Google Chrome on linux', '185.243.218.27'),
(6214, 10016, '2022-12-05 13:42:09', 'Google Chrome on windows', '188.215.235.89'),
(6215, 10016, '2022-12-05 13:47:29', 'Google Chrome on linux', '82.103.181.188'),
(6216, 9999, '2022-12-05 14:01:08', 'Google Chrome on linux', '162.247.74.216'),
(6217, 9999, '2022-12-05 14:05:51', 'Mozilla Firefox on windows', '37.46.113.177'),
(6218, 10016, '2022-12-05 14:27:46', 'Google Chrome on linux', '185.220.100.242'),
(6219, 9999, '2022-12-05 14:39:31', 'Google Chrome on linux', '185.220.101.75'),
(6220, 10016, '2022-12-05 14:44:29', 'Google Chrome on linux', '185.220.101.75'),
(6221, 10016, '2022-12-05 14:46:27', 'Google Chrome on linux', '185.220.101.75'),
(6222, 10016, '2022-12-05 14:47:49', 'Google Chrome on linux', '45.129.56.207'),
(6223, 10016, '2022-12-05 14:49:13', 'Google Chrome on linux', '45.129.56.207'),
(6224, 10224, '2022-12-05 15:07:10', 'Google Chrome on windows', '188.43.136.45'),
(6225, 10224, '2022-12-05 15:07:11', 'Google Chrome on windows', '188.43.136.45'),
(6226, 10014, '2022-12-05 15:08:48', 'Google Chrome on windows', '188.43.136.45'),
(6227, 10014, '2022-12-05 15:10:54', 'Google Chrome on windows', '188.43.136.45'),
(6228, 10224, '2022-12-05 15:11:45', 'Google Chrome on windows', '188.43.136.45'),
(6229, 9999, '2022-12-05 15:14:05', 'Google Chrome on windows', '188.43.136.45'),
(6230, 10224, '2022-12-05 15:14:24', 'Google Chrome on windows', '188.43.136.45'),
(6231, 10233, '2022-12-05 15:19:15', 'Google Chrome on linux', '107.189.7.88'),
(6232, 9999, '2022-12-05 15:29:21', 'Google Chrome on linux', '192.42.116.27'),
(6233, 10234, '2022-12-05 15:31:01', 'Google Chrome on linux', '185.220.101.0'),
(6234, 9999, '2022-12-05 15:39:16', 'Google Chrome on windows', '188.43.136.45'),
(6235, 10014, '2022-12-05 15:39:42', 'Google Chrome on windows', '188.43.136.45'),
(6236, 10016, '2022-12-05 15:42:35', 'Google Chrome on linux', '199.249.230.144'),
(6237, 10224, '2022-12-05 15:47:10', 'Google Chrome on windows', '188.43.136.45'),
(6238, 9999, '2022-12-05 15:48:40', 'Google Chrome on windows', '188.43.136.45'),
(6239, 10014, '2022-12-05 15:48:55', 'Google Chrome on windows', '188.43.136.45'),
(6240, 9999, '2022-12-05 16:07:49', 'Google Chrome on windows', '188.43.136.45'),
(6241, 10014, '2022-12-05 16:08:37', 'Google Chrome on windows', '188.43.136.45'),
(6242, 9999, '2022-12-05 17:26:43', 'Google Chrome on windows', '188.43.136.45'),
(6243, 10224, '2022-12-05 17:28:55', 'Google Chrome on windows', '188.43.136.45'),
(6244, 9999, '2022-12-05 17:52:04', 'Google Chrome on linux', '212.227.115.239'),
(6245, 10016, '2022-12-05 17:52:46', 'Google Chrome on linux', '212.227.115.239'),
(6246, 9999, '2022-12-05 17:55:58', 'Google Chrome on linux', '212.227.115.239'),
(6247, 10014, '2022-12-05 17:57:22', 'Google Chrome on windows', '188.43.136.45'),
(6248, 10025, '2022-12-05 17:57:27', 'Google Chrome on windows', '91.166.39.213'),
(6249, 9999, '2022-12-05 18:34:31', 'Google Chrome on linux', '95.214.55.43'),
(6250, 10025, '2022-12-06 05:46:22', 'Google Chrome on windows', '91.166.39.213'),
(6251, 9999, '2022-12-06 11:27:52', 'Google Chrome on linux', '94.75.225.70'),
(6252, 9999, '2022-12-06 11:50:58', 'Google Chrome on windows', '188.43.136.45'),
(6253, 10016, '2022-12-06 12:17:12', 'Google Chrome on linux', '139.99.237.205'),
(6254, 10226, '2022-12-06 12:25:55', 'Google Chrome on linux', '185.220.101.33'),
(6255, 10224, '2022-12-06 12:28:30', 'Google Chrome on windows', '188.43.136.45'),
(6256, 10016, '2022-12-06 12:59:05', 'Google Chrome on linux', '185.243.218.89'),
(6257, 10016, '2022-12-06 13:00:13', 'Google Chrome on linux', '185.243.218.89'),
(6258, 10016, '2022-12-06 13:02:42', 'Google Chrome on windows', '188.43.136.45'),
(6259, 9999, '2022-12-06 13:10:12', 'Google Chrome on windows', '188.43.136.45'),
(6260, 9999, '2022-12-06 13:38:01', 'Opera on windows', '185.65.135.154'),
(6261, 10225, '2022-12-06 13:40:44', 'Google Chrome on mac', '198.16.78.44'),
(6262, 9999, '2022-12-06 13:46:58', 'Google Chrome on linux', '185.220.101.75'),
(6263, 10014, '2022-12-06 13:48:06', 'Google Chrome on windows', '188.43.136.45'),
(6264, 9999, '2022-12-06 14:34:40', 'Google Chrome on linux', '45.129.56.204'),
(6265, 10016, '2022-12-06 14:36:17', 'Google Chrome on linux', '45.129.56.204'),
(6266, 10017, '2022-12-06 17:22:47', 'Apple Safari on mac', '92.184.100.126'),
(6267, 10025, '2022-12-07 05:29:09', 'Google Chrome on windows', '91.166.39.213'),
(6268, 10016, '2022-12-07 09:11:16', 'Google Chrome on linux', '45.154.98.176'),
(6269, 9999, '2022-12-07 09:23:58', 'Google Chrome on linux', '194.26.192.186'),
(6270, 9999, '2022-12-07 12:08:31', 'Google Chrome on linux', '107.189.14.123'),
(6271, 10225, '2022-12-07 12:16:04', 'Opera on windows', '185.65.135.136'),
(6272, 9999, '2022-12-07 12:25:37', 'Opera on windows', '185.65.135.136'),
(6273, 9999, '2022-12-07 14:46:14', 'Opera on windows', '185.65.135.156'),
(6274, 10017, '2022-12-08 08:23:17', 'Apple Safari on mac', '92.184.100.233'),
(6275, 9999, '2022-12-08 09:42:38', 'Google Chrome on linux', '85.93.218.204'),
(6276, 10016, '2022-12-08 10:02:36', 'Google Chrome on linux', '89.234.157.254'),
(6277, 10016, '2022-12-08 10:24:42', 'Google Chrome on windows', '156.146.55.226'),
(6278, 10025, '2022-12-08 10:41:14', 'Google Chrome on windows', '91.166.39.213'),
(6279, 9999, '2022-12-08 11:09:19', 'Google Chrome on linux', '185.220.101.41'),
(6280, 9999, '2022-12-08 12:57:47', 'Google Chrome on linux', '193.239.232.102'),
(6281, 10016, '2022-12-08 12:58:52', 'Google Chrome on linux', '31.133.0.182'),
(6282, 9999, '2022-12-08 15:56:27', 'Opera on windows', '185.65.135.160'),
(6283, 9999, '2022-12-08 16:06:57', 'Google Chrome on windows', '188.43.136.44'),
(6284, 9999, '2022-12-08 19:55:35', 'Google Chrome on windows', '5.188.62.26'),
(6285, 9999, '2022-12-08 19:56:38', 'Google Chrome on windows', '5.188.62.26'),
(6286, 10017, '2022-12-08 19:56:54', 'Apple Safari on mac', '92.184.100.60'),
(6287, 9999, '2022-12-09 05:25:45', 'Google Chrome on mac', '198.16.74.45'),
(6288, 9999, '2022-12-09 09:16:40', 'Google Chrome on linux', '194.180.48.42'),
(6289, 9999, '2022-12-10 09:41:35', 'Google Chrome on linux', '2001:ac8:27:88::a01e'),
(6290, 9999, '2022-12-10 10:47:11', 'Google Chrome on linux', '185.220.102.242'),
(6291, 9999, '2022-12-11 14:38:44', 'Google Chrome on linux', '185.220.101.5'),
(6292, 10014, '2022-12-11 23:45:14', 'Google Chrome on windows', '188.43.136.44'),
(6293, 10014, '2022-12-11 23:46:23', 'Google Chrome on windows', '188.43.136.44'),
(6294, 10014, '2022-12-12 00:12:19', 'Google Chrome on windows', '188.43.136.44'),
(6295, 10014, '2022-12-12 00:12:22', 'Google Chrome on windows', '188.43.136.44'),
(6296, 10014, '2022-12-12 00:12:22', 'Google Chrome on windows', '188.43.136.44'),
(6297, 9999, '2022-12-12 11:44:56', 'Google Chrome on linux', '37.120.187.161'),
(6298, 10016, '2022-12-12 11:46:16', 'Google Chrome on linux', '37.120.187.161'),
(6299, 10016, '2022-12-12 11:51:43', 'Google Chrome on linux', '185.220.103.120'),
(6300, 9999, '2022-12-12 12:07:11', 'Google Chrome on linux', '185.243.218.46'),
(6301, 10014, '2022-12-12 12:22:58', 'Google Chrome on windows', '188.43.136.44'),
(6302, 10014, '2022-12-12 12:44:30', 'Google Chrome on windows', '188.43.136.44'),
(6303, 9999, '2022-12-12 12:53:54', 'Google Chrome on windows', '188.43.136.44'),
(6304, 10014, '2022-12-12 13:12:05', 'Google Chrome on windows', '188.43.136.44'),
(6305, 9999, '2022-12-12 13:43:18', 'Google Chrome on windows', '188.43.136.44'),
(6306, 10014, '2022-12-12 14:07:08', 'Google Chrome on windows', '188.43.136.44'),
(6307, 10014, '2022-12-12 14:20:54', 'Google Chrome on windows', '188.43.136.44'),
(6308, 10014, '2022-12-12 14:22:49', 'Google Chrome on windows', '188.43.136.44'),
(6309, 10014, '2022-12-12 18:04:29', 'Google Chrome on windows', '188.43.136.44'),
(6310, 10016, '2022-12-12 18:05:59', 'Google Chrome on linux', '185.220.101.26'),
(6311, 9999, '2022-12-12 18:07:07', 'Google Chrome on linux', '51.89.153.112'),
(6312, 10016, '2022-12-12 18:11:19', 'Google Chrome on windows', '81.92.200.59'),
(6313, 10014, '2022-12-12 18:32:37', 'Google Chrome on windows', '188.43.136.44'),
(6314, 10014, '2022-12-12 19:18:00', 'Google Chrome on windows', '188.43.136.44'),
(6315, 10225, '2022-12-13 09:49:01', 'Apple Safari on mac', '149.154.237.249'),
(6316, 10014, '2022-12-13 11:44:01', 'Google Chrome on windows', '188.43.136.44'),
(6317, 9999, '2022-12-13 11:45:21', 'Google Chrome on windows', '188.43.136.44'),
(6318, 10014, '2022-12-13 11:56:46', 'Google Chrome on windows', '188.43.136.44'),
(6319, 9999, '2022-12-13 12:58:11', 'Google Chrome on windows', '188.43.136.44'),
(6320, 9999, '2022-12-13 13:06:37', 'Google Chrome on linux', '144.217.86.109'),
(6321, 10014, '2022-12-13 13:25:13', 'Google Chrome on windows', '188.43.136.44'),
(6322, 10014, '2022-12-13 13:45:26', 'Google Chrome on windows', '188.43.136.44'),
(6323, 10014, '2022-12-13 13:46:07', 'Google Chrome on windows', '188.43.136.44'),
(6324, 10225, '2022-12-13 14:55:58', 'Apple Safari on mac', '149.154.237.249'),
(6325, 10025, '2022-12-13 16:15:29', 'Google Chrome on windows', '91.166.39.213'),
(6326, 9999, '2022-12-14 08:45:31', 'Google Chrome on linux', '185.243.218.78'),
(6327, 10025, '2022-12-14 09:19:27', 'Google Chrome on windows', '91.166.39.213'),
(6328, 10225, '2022-12-14 09:45:44', 'Apple Safari on mac', '149.154.237.249'),
(6329, 10016, '2022-12-14 09:57:00', 'Google Chrome on linux', '185.220.101.76'),
(6330, 10017, '2022-12-14 13:18:00', 'Apple Safari on mac', '92.184.102.168'),
(6331, 10017, '2022-12-14 13:18:02', 'Apple Safari on mac', '92.184.102.168'),
(6332, 10017, '2022-12-14 14:39:24', 'Apple Safari on mac', '92.184.102.121'),
(6333, 10016, '2022-12-14 15:57:31', 'Google Chrome on linux', '23.137.249.143'),
(6334, 9999, '2022-12-14 15:58:07', 'Google Chrome on linux', '23.137.249.143'),
(6335, 9999, '2022-12-14 16:07:34', 'Google Chrome on windows', '188.43.136.44'),
(6336, 9999, '2022-12-14 17:59:53', 'Google Chrome on linux', '185.220.100.246'),
(6337, 9999, '2022-12-14 18:30:58', 'Google Chrome on windows', '188.43.136.44'),
(6338, 9999, '2022-12-14 18:33:14', 'Google Chrome on windows', '188.43.136.44'),
(6339, 9999, '2022-12-14 18:59:10', 'Google Chrome on windows', '188.43.136.44'),
(6340, 9999, '2022-12-14 18:59:11', 'Google Chrome on windows', '188.43.136.44'),
(6341, 10225, '2022-12-15 09:13:56', 'Apple Safari on mac', '149.154.237.249'),
(6342, 9999, '2022-12-15 09:19:09', 'Google Chrome on linux', '80.67.172.162'),
(6343, 10016, '2022-12-15 15:58:33', 'Google Chrome on linux', '23.129.64.138'),
(6344, 10025, '2022-12-15 16:54:54', 'Google Chrome on windows', '91.166.39.213'),
(6345, 9999, '2022-12-16 13:13:12', 'Google Chrome on linux', '178.218.144.18'),
(6346, 10017, '2022-12-16 15:01:05', 'Apple Safari on mac', '92.184.100.146'),
(6347, 9999, '2022-12-17 11:50:59', 'Google Chrome on linux', '45.162.228.190'),
(6348, 9999, '2022-12-17 18:27:24', 'Google Chrome on linux', '2804:5364:3100:9::a01e'),
(6349, 10248, '2022-12-18 06:49:08', 'Google Chrome on windows', '46.121.5.47'),
(6350, 10016, '2022-12-18 15:21:40', 'Google Chrome on linux', '138.199.15.166'),
(6351, 10017, '2022-12-19 14:06:13', 'Apple Safari on mac', '92.184.102.170'),
(6352, 9999, '2022-12-19 14:55:18', 'Google Chrome on linux', '185.220.101.41'),
(6353, 9999, '2022-12-20 07:16:22', 'Google Chrome on linux', '138.199.15.166'),
(6354, 10016, '2022-12-20 11:33:54', 'Google Chrome on linux', '138.199.15.166'),
(6355, 9999, '2022-12-20 15:52:46', 'Google Chrome on linux', '185.220.100.252'),
(6356, 10249, '2022-12-21 09:12:34', 'Apple Safari on mac', '172.225.180.50'),
(6357, 9999, '2022-12-21 13:25:22', 'Google Chrome on linux', '185.220.103.115'),
(6358, 9999, '2022-12-21 19:37:34', 'Google Chrome on linux', '193.32.126.230'),
(6359, 10016, '2022-12-21 19:41:49', 'Google Chrome on linux', '193.32.126.230'),
(6360, 9999, '2022-12-21 20:37:46', 'Google Chrome on linux', '193.32.126.230'),
(6361, 9999, '2022-12-22 09:31:16', 'Google Chrome on linux', '185.246.188.67'),
(6362, 9999, '2022-12-22 13:09:41', 'Google Chrome on windows', '188.43.136.44'),
(6363, 10016, '2022-12-22 13:42:22', 'Google Chrome on linux', '89.44.10.165'),
(6364, 10014, '2022-12-22 13:49:03', 'Google Chrome on windows', '188.43.136.44'),
(6365, 10016, '2022-12-22 13:49:55', 'Google Chrome on windows', '188.43.136.44'),
(6366, 10224, '2022-12-22 13:50:14', 'Google Chrome on windows', '188.43.136.44'),
(6367, 10014, '2022-12-22 13:51:22', 'Google Chrome on windows', '188.43.136.44'),
(6368, 10014, '2022-12-22 14:47:07', 'Google Chrome on windows', '188.43.136.44'),
(6369, 10016, '2022-12-22 14:48:00', 'Google Chrome on linux', '188.43.136.44'),
(6370, 10016, '2022-12-22 16:48:14', 'Google Chrome on linux', '45.129.56.207'),
(6371, 9999, '2022-12-22 16:54:12', 'Google Chrome on linux', '45.129.56.207'),
(6372, 10016, '2022-12-22 16:55:00', 'Google Chrome on linux', '45.129.56.207'),
(6373, 9999, '2022-12-22 18:06:25', 'Google Chrome on windows', '188.43.136.44'),
(6374, 10014, '2022-12-22 18:07:17', 'Google Chrome on windows', '188.43.136.44'),
(6375, 10016, '2022-12-23 08:30:36', 'Google Chrome on linux', '152.89.160.181'),
(6376, 9999, '2022-12-23 13:55:03', 'Google Chrome on linux', '89.38.224.85'),
(6377, 10225, '2022-12-26 00:12:52', 'Apple Safari on mac', '217.182.198.219'),
(6378, 10225, '2022-12-26 08:44:57', 'Apple Safari on mac', '149.154.237.249'),
(6379, 10225, '2022-12-26 09:08:45', 'Apple Safari on mac', '149.154.237.249'),
(6380, 9999, '2022-12-27 09:44:00', 'Google Chrome on mac', '62.212.64.19'),
(6381, 9999, '2022-12-27 12:45:11', 'Google Chrome on linux', '23.128.248.19'),
(6382, 9999, '2022-12-30 13:33:43', 'Google Chrome on linux', '209.141.51.30'),
(6383, 9999, '2023-01-02 14:44:17', 'Google Chrome on linux', '185.220.102.245'),
(6384, 9999, '2023-01-03 12:47:06', 'Google Chrome on linux', '185.195.71.3'),
(6385, 10225, '2023-01-03 15:32:03', 'Apple Safari on mac', '149.154.237.249'),
(6386, 10225, '2023-01-03 16:07:42', 'Apple Safari on mac', '149.154.237.249'),
(6387, 10014, '2023-01-04 07:52:57', 'Google Chrome on windows', '188.43.136.43'),
(6388, 9999, '2023-01-04 07:54:51', 'Google Chrome on windows', '188.43.136.43'),
(6389, 9999, '2023-01-04 08:20:05', 'Google Chrome on linux', '171.25.193.79'),
(6390, 10016, '2023-01-04 09:31:29', 'Google Chrome on linux', '109.70.100.84'),
(6391, 9999, '2023-01-04 09:38:03', 'Google Chrome on linux', '107.189.10.143'),
(6392, 10259, '2023-01-04 09:41:53', 'Google Chrome on linux', '107.189.10.143'),
(6393, 10225, '2023-01-04 09:43:30', 'Apple Safari on mac', '149.154.237.249'),
(6394, 10257, '2023-01-04 11:04:09', 'Google Chrome on linux', '188.68.56.86'),
(6395, 9999, '2023-01-04 11:04:37', 'Google Chrome on linux', '188.68.56.86'),
(6396, 9999, '2023-01-05 09:43:14', 'Google Chrome on linux', '185.129.62.63'),
(6397, 10225, '2023-01-05 09:46:21', 'Apple Safari on mac', '149.154.237.249'),
(6398, 10235, '2023-01-05 21:16:30', 'Opera on windows', '88.163.32.207'),
(6399, 9999, '2023-01-06 12:32:27', 'Google Chrome on linux', '185.235.146.29'),
(6400, 10225, '2023-01-07 00:11:07', 'Apple Safari on mac', '149.154.237.249'),
(6401, 9999, '2023-01-07 12:05:53', 'Google Chrome on linux', '185.220.101.14'),
(6402, 10263, '2023-01-07 23:07:54', 'Apple Safari on mac', '78.221.152.150'),
(6403, 10225, '2023-01-09 00:13:05', 'Apple Safari on mac', '149.154.237.249'),
(6404, 10225, '2023-01-09 10:15:59', 'Apple Safari on mac', '149.154.237.249'),
(6405, 10252, '2023-01-09 10:23:44', 'Google Chrome on windows', '81.65.107.34'),
(6406, 10252, '2023-01-09 10:29:51', 'Google Chrome on windows', '81.65.107.34'),
(6407, 9999, '2023-01-09 10:43:51', 'Google Chrome on linux', '217.138.202.206'),
(6408, 9999, '2023-01-09 10:47:06', 'Google Chrome on linux', '107.189.13.91'),
(6409, 9999, '2023-01-09 10:59:03', 'Google Chrome on linux', '103.251.167.21'),
(6410, 10231, '2023-01-09 11:16:34', 'Google Chrome on linux', '185.220.102.251'),
(6411, 10225, '2023-01-09 11:18:00', 'Google Chrome on linux', '45.134.225.36'),
(6412, 9999, '2023-01-09 11:19:32', 'Google Chrome on linux', '45.134.225.36'),
(6413, 10225, '2023-01-09 11:21:55', 'Google Chrome on linux', '45.134.225.36'),
(6414, 10225, '2023-01-09 13:05:55', 'Google Chrome on windows', '188.43.136.43'),
(6415, 10225, '2023-01-09 13:18:50', 'Apple Safari on mac', '149.154.237.249'),
(6416, 9999, '2023-01-09 13:19:34', 'Google Chrome on linux', '185.243.218.110'),
(6417, 9999, '2023-01-09 13:30:42', 'Google Chrome on windows', '188.43.136.43'),
(6418, 10263, '2023-01-09 17:09:44', 'Apple Safari on mac', '172.226.28.48'),
(6419, 9999, '2023-01-10 16:07:00', 'Google Chrome on linux', '192.42.116.202'),
(6420, 10225, '2023-01-11 08:32:02', 'Apple Safari on mac', '149.154.237.249'),
(6421, 9999, '2023-01-11 10:34:29', 'Google Chrome on linux', '217.138.221.238'),
(6422, 9999, '2023-01-11 10:34:30', 'Google Chrome on linux', '217.138.221.238'),
(6423, 9999, '2023-01-11 17:07:15', 'Google Chrome on linux', '37.114.57.56'),
(6424, 10269, '2023-01-11 18:25:38', 'Google Chrome on linux', '186.251.81.82'),
(6425, 10225, '2023-01-12 09:05:55', 'Apple Safari on mac', '149.154.237.249'),
(6426, 9999, '2023-01-12 11:13:22', 'Google Chrome on mac', '50.7.93.29'),
(6427, 9999, '2023-01-12 16:51:16', 'Google Chrome on linux', '95.214.52.156'),
(6428, 10225, '2023-01-12 17:08:29', 'Google Chrome on linux', '192.42.116.210'),
(6429, 9999, '2023-01-12 17:09:18', 'Google Chrome on windows', '188.43.136.43'),
(6430, 9999, '2023-01-13 16:25:16', 'Google Chrome on linux', '193.189.100.204'),
(6431, 10225, '2023-01-16 09:41:32', 'Apple Safari on mac', '149.154.237.249'),
(6432, 10259, '2023-01-16 11:41:17', 'Google Chrome on linux', '23.154.177.3'),
(6433, 9999, '2023-01-16 11:53:31', 'Google Chrome on linux', '23.129.64.137'),
(6434, 10253, '2023-01-16 13:27:40', 'Apple Safari on mac', '149.154.237.249'),
(6435, 10225, '2023-01-16 13:28:48', 'Apple Safari on mac', '149.154.237.249'),
(6436, 10253, '2023-01-16 13:30:19', 'Google Chrome on mac', '93.23.205.30'),
(6437, 10242, '2023-01-16 16:14:27', 'Mozilla Firefox on mac', '176.158.174.147'),
(6438, 10225, '2023-01-16 22:24:56', 'Apple Safari on mac', '149.154.237.249'),
(6439, 10253, '2023-01-17 09:31:20', 'Google Chrome on mac', '93.23.205.30'),
(6440, 9999, '2023-01-17 10:14:04', 'Google Chrome on linux', '23.128.248.11'),
(6441, 10272, '2023-01-17 14:40:53', 'Apple Safari on mac', '94.109.126.153');
INSERT INTO `loginhistory` (`id`, `userId`, `loginDate`, `browser`, `ipAddress`) VALUES
(6442, 10225, '2023-01-17 15:54:22', 'Apple Safari on mac', '149.154.237.249'),
(6443, 10272, '2023-01-17 20:45:02', 'Apple Safari on mac', '91.182.164.17'),
(6444, 10225, '2023-01-18 00:48:29', 'Apple Safari on mac', '149.154.237.249'),
(6445, 10225, '2023-01-18 08:58:00', 'Apple Safari on mac', '149.154.237.249'),
(6446, 10272, '2023-01-18 09:31:34', 'Apple Safari on mac', '91.182.164.17'),
(6447, 10235, '2023-01-18 09:50:50', 'Google Chrome on windows', '5.50.195.245'),
(6448, 10235, '2023-01-18 10:06:03', 'Google Chrome on windows', '5.50.195.245'),
(6449, 9999, '2023-01-18 10:36:39', 'Google Chrome on linux', '185.220.101.11'),
(6450, 10225, '2023-01-18 10:46:10', 'Google Chrome on linux', '185.220.102.242'),
(6451, 9999, '2023-01-18 12:06:31', 'Google Chrome on windows', '188.43.136.43'),
(6452, 10225, '2023-01-18 12:19:33', 'Google Chrome on windows', '188.43.136.43'),
(6453, 10225, '2023-01-18 12:24:14', 'Google Chrome on linux', '192.42.116.218'),
(6454, 9999, '2023-01-18 12:40:01', 'Google Chrome on windows', '188.43.136.43'),
(6455, 10225, '2023-01-18 12:43:07', 'Google Chrome on windows', '188.43.136.43'),
(6456, 9999, '2023-01-18 14:02:57', 'Opera on windows', '84.157.72.140'),
(6457, 9999, '2023-01-18 14:13:01', 'Google Chrome on windows', '188.43.136.43'),
(6458, 9999, '2023-01-18 14:13:30', 'Google Chrome on windows', '188.43.136.43'),
(6459, 9999, '2023-01-18 14:44:20', 'Google Chrome on windows', '188.43.136.43'),
(6460, 10225, '2023-01-18 14:54:18', 'Google Chrome on windows', '188.43.136.43'),
(6461, 9999, '2023-01-18 15:23:46', 'Google Chrome on linux', '171.25.193.80'),
(6462, 10272, '2023-01-18 16:07:28', 'Apple Safari on mac', '91.182.164.17'),
(6463, 10225, '2023-01-19 09:48:08', 'Apple Safari on mac', '149.154.237.249'),
(6464, 10253, '2023-01-19 14:27:16', 'Google Chrome on mac', '93.23.205.30'),
(6465, 9999, '2023-01-19 15:42:25', 'Google Chrome on linux', '185.243.218.153'),
(6466, 10272, '2023-01-19 17:11:59', 'Apple Safari on mac', '91.182.164.17'),
(6467, 10272, '2023-01-20 01:00:07', 'Apple Safari on mac', '91.182.164.17'),
(6468, 10225, '2023-01-20 09:20:38', 'Apple Safari on mac', '149.154.237.249'),
(6469, 10263, '2023-01-20 09:54:18', 'Apple Safari on mac', '83.243.125.185'),
(6470, 10272, '2023-01-20 13:19:23', 'Apple Safari on mac', '91.182.164.17'),
(6471, 10225, '2023-01-20 14:13:14', 'Apple Safari on mac', '149.154.237.249'),
(6472, 10272, '2023-01-20 22:55:39', 'Apple Safari on mac', '91.182.164.17'),
(6473, 10272, '2023-01-21 10:46:37', 'Apple Safari on mac', '91.182.164.17'),
(6474, 10272, '2023-01-21 12:36:25', 'Apple Safari on mac', '91.182.164.17'),
(6475, 10253, '2023-01-22 16:21:36', 'Google Chrome on mac', '93.23.205.30'),
(6476, 10225, '2023-01-22 18:19:59', 'Apple Safari on mac', '149.154.237.249'),
(6477, 10272, '2023-01-22 20:59:55', 'Apple Safari on mac', '94.109.0.29'),
(6478, 10225, '2023-01-22 23:45:58', 'Apple Safari on mac', '149.154.237.249'),
(6479, 10225, '2023-01-23 08:35:54', 'Apple Safari on mac', '149.154.237.249'),
(6480, 9999, '2023-01-23 10:07:36', 'Google Chrome on linux', '185.220.102.247'),
(6481, 10225, '2023-01-23 13:31:57', 'Apple Safari on mac', '149.154.237.249'),
(6482, 10278, '2023-01-23 14:41:04', 'Google Chrome on linux', '49.237.8.107'),
(6483, 10253, '2023-01-23 17:07:52', 'Apple Safari on mac', '93.23.205.30'),
(6484, 10252, '2023-01-23 19:00:03', 'Google Chrome on mac', '193.250.110.177'),
(6485, 10272, '2023-01-23 19:54:12', 'Apple Safari on mac', '212.166.47.186'),
(6486, 10225, '2023-01-24 10:49:18', 'Apple Safari on mac', '149.154.237.249'),
(6487, 10253, '2023-01-24 13:02:37', 'Apple Safari on mac', '81.185.160.38'),
(6488, 10272, '2023-01-24 13:12:19', 'Apple Safari on mac', '62.197.118.31'),
(6489, 9999, '2023-01-24 14:40:19', 'Google Chrome on linux', '185.220.101.11'),
(6490, 10225, '2023-01-24 17:18:23', 'Apple Safari on mac', '149.154.237.249'),
(6491, 10278, '2023-01-25 03:54:44', 'Google Chrome on linux', '183.89.186.246'),
(6492, 9999, '2023-01-25 13:22:40', 'Google Chrome on linux', '192.42.116.208'),
(6493, 10272, '2023-01-25 17:42:12', 'Apple Safari on mac', '91.182.164.17'),
(6494, 10225, '2023-01-26 09:32:05', 'Apple Safari on mac', '149.154.237.249'),
(6495, 10263, '2023-01-26 11:15:34', 'Apple Safari on mac', '37.170.216.129'),
(6496, 9999, '2023-01-26 13:22:45', 'Google Chrome on mac', '198.16.70.27'),
(6497, 10272, '2023-01-26 15:50:35', 'Apple Safari on mac', '91.182.164.17'),
(6498, 10281, '2023-01-27 09:55:53', 'Apple Safari on mac', '88.123.90.5'),
(6499, 10282, '2023-01-27 13:34:50', 'Apple Safari on mac', '122.161.78.216'),
(6500, 10272, '2023-01-27 15:55:29', 'Apple Safari on mac', '212.166.47.186'),
(6501, 10225, '2023-01-27 22:53:18', 'Apple Safari on mac', '149.154.237.249'),
(6502, 10272, '2023-01-28 15:11:10', 'Apple Safari on mac', '91.182.164.17'),
(6503, 10225, '2023-01-28 19:23:34', 'Apple Safari on mac', '149.154.237.249'),
(6504, 10272, '2023-01-29 15:02:57', 'Apple Safari on mac', '91.182.164.17'),
(6505, 10263, '2023-01-29 15:15:22', 'Apple Safari on mac', '78.221.152.150'),
(6506, 10272, '2023-01-29 21:52:51', 'Apple Safari on mac', '94.109.176.41'),
(6507, 10272, '2023-01-30 08:14:50', 'Apple Safari on mac', '94.109.171.110'),
(6508, 10281, '2023-01-30 10:13:45', 'Apple Safari on mac', '88.123.90.5'),
(6509, 9999, '2023-01-30 14:42:16', 'Google Chrome on linux', '107.189.30.22'),
(6510, 10272, '2023-01-30 15:37:02', 'Apple Safari on mac', '94.109.171.110'),
(6511, 10283, '2023-01-30 16:45:54', 'Apple Safari on mac', '92.184.124.146'),
(6512, 10225, '2023-01-31 10:44:27', 'Apple Safari on mac', '149.154.237.249'),
(6513, 9999, '2023-01-31 13:48:32', 'Google Chrome on mac', '198.16.74.44'),
(6514, 10281, '2023-01-31 13:57:12', 'Apple Safari on mac', '88.123.90.5'),
(6515, 9999, '2023-01-31 14:48:47', 'Google Chrome on linux', '192.42.116.212'),
(6516, 10272, '2023-01-31 19:27:24', 'Apple Safari on mac', '94.109.209.204'),
(6517, 10253, '2023-02-01 11:24:41', 'Apple Safari on mac', '81.185.171.105'),
(6518, 10253, '2023-02-01 14:43:52', 'Apple Safari on mac', '81.185.171.120'),
(6519, 9999, '2023-02-01 15:33:11', 'Google Chrome on mac', '198.16.74.44'),
(6520, 10286, '2023-02-01 15:38:57', 'Google Chrome on linux', '80.214.126.125'),
(6521, 10286, '2023-02-01 15:40:36', 'Google Chrome on linux', '80.214.126.125'),
(6522, 10286, '2023-02-01 20:41:56', 'Google Chrome on linux', '80.214.71.191'),
(6523, 9999, '2023-02-02 08:15:29', 'Google Chrome on mac', '198.16.74.44'),
(6524, 10272, '2023-02-02 10:42:43', 'Apple Safari on mac', '91.182.164.17'),
(6525, 10286, '2023-02-02 17:11:52', 'Google Chrome on linux', '80.214.71.191'),
(6526, 10286, '2023-02-03 14:35:43', 'Google Chrome on linux', '80.215.158.197'),
(6527, 10272, '2023-02-05 11:14:43', 'Apple Safari on mac', '91.182.164.17'),
(6528, 10286, '2023-02-05 18:38:50', 'Google Chrome on linux', '80.215.95.176'),
(6529, 9999, '2023-02-06 07:58:37', 'Google Chrome on mac', '50.7.93.27'),
(6530, 10225, '2023-02-06 10:24:06', 'Apple Safari on mac', '176.78.42.217'),
(6531, 10272, '2023-02-06 13:43:53', 'Apple Safari on mac', '91.182.164.17'),
(6532, 9999, '2023-02-06 17:17:01', 'Google Chrome on linux', '103.251.167.21'),
(6533, 10272, '2023-02-07 03:27:10', 'Apple Safari on mac', '91.182.164.17'),
(6534, 10278, '2023-02-07 06:04:35', 'Google Chrome on linux', '49.237.13.46'),
(6535, 10225, '2023-02-07 12:24:26', 'Apple Safari on mac', '176.78.42.217'),
(6536, 10253, '2023-02-07 15:41:45', 'Google Chrome on mac', '109.11.234.26'),
(6537, 10286, '2023-02-08 07:09:39', 'Google Chrome on linux', '80.215.128.147'),
(6538, 10286, '2023-02-08 07:09:39', 'Google Chrome on linux', '80.215.128.147'),
(6539, 10288, '2023-02-08 08:12:13', 'Google Chrome on windows', '182.253.132.207'),
(6540, 10225, '2023-02-08 11:02:36', 'Apple Safari on mac', '176.78.42.217'),
(6541, 10272, '2023-02-09 00:48:12', 'Apple Safari on mac', '91.182.164.17'),
(6542, 10272, '2023-02-09 17:57:53', 'Apple Safari on mac', '91.182.164.17'),
(6543, 10272, '2023-02-10 12:42:38', 'Apple Safari on mac', '91.182.164.17'),
(6544, 10272, '2023-02-12 12:38:35', 'Apple Safari on mac', '91.182.164.17'),
(6545, 10272, '2023-02-14 12:23:28', 'Apple Safari on mac', '94.109.224.21'),
(6546, 10225, '2023-02-14 12:27:26', 'Apple Safari on mac', '176.78.42.217'),
(6547, 10225, '2023-02-14 15:23:59', 'Apple Safari on mac', '176.78.42.217'),
(6548, 10225, '2023-02-14 16:37:23', 'Apple Safari on mac', '176.78.42.217'),
(6549, 10247, '2023-02-14 18:22:18', 'Google Chrome on windows', '109.190.88.153'),
(6550, 10259, '2023-02-14 20:39:39', 'Google Chrome on linux', '185.14.97.176'),
(6551, 10259, '2023-02-14 22:26:20', 'Google Chrome on windows', '188.43.136.43'),
(6552, 10259, '2023-02-15 12:33:18', 'Google Chrome on windows', '188.43.136.43'),
(6553, 9999, '2023-02-15 13:37:32', 'Google Chrome on linux', '185.220.100.251'),
(6554, 10283, '2023-02-15 14:27:59', 'Google Chrome on windows', '89.80.79.202'),
(6555, 9999, '2023-02-16 13:37:59', 'Google Chrome on mac', '198.16.74.43'),
(6556, 9999, '2023-02-16 15:49:48', 'Google Chrome on mac', '198.16.74.43'),
(6557, 10272, '2023-02-16 22:06:53', 'Apple Safari on mac', '94.109.120.169'),
(6558, 10225, '2023-02-17 10:36:46', 'Apple Safari on mac', '176.78.42.217'),
(6559, 10253, '2023-02-17 13:09:01', 'Apple Safari on mac', '77.204.196.225'),
(6560, 10272, '2023-02-17 17:36:13', 'Apple Safari on mac', '94.109.128.10'),
(6561, 10225, '2023-02-20 09:04:21', 'Apple Safari on mac', '176.78.42.217'),
(6562, 10259, '2023-02-20 15:32:44', 'Google Chrome on windows', '188.43.136.43'),
(6563, 10259, '2023-02-20 15:53:09', 'Google Chrome on linux', '192.42.116.173'),
(6564, 9999, '2023-02-20 15:54:03', 'Google Chrome on linux', '192.42.116.173'),
(6565, 9999, '2023-02-20 16:08:46', 'Google Chrome on windows', '188.43.136.43'),
(6566, 9999, '2023-02-20 17:16:25', 'Google Chrome on windows', '188.43.136.43'),
(6567, 9999, '2023-02-20 17:16:47', 'Google Chrome on windows', '188.43.136.43'),
(6568, 9999, '2023-02-20 17:29:40', 'Google Chrome on windows', '188.43.136.43'),
(6569, 10000, '2023-02-20 18:06:46', 'Google Chrome on linux', '185.220.100.248'),
(6570, 10000, '2023-02-20 18:12:36', 'Google Chrome on linux', '23.128.248.207'),
(6571, 9999, '2023-02-20 18:13:40', 'Google Chrome on linux', '185.220.100.248'),
(6572, 9999, '2023-02-20 18:23:53', 'Google Chrome on windows', '188.43.136.43'),
(6573, 9999, '2023-02-20 19:22:02', 'Google Chrome on windows', '188.43.136.43'),
(6574, 9999, '2023-02-20 19:41:24', 'Google Chrome on windows', '188.43.136.43'),
(6575, 9999, '2023-02-21 08:12:44', 'Google Chrome on linux', '2a03:1b20:7:f011::a12e'),
(6576, 10001, '2023-02-23 07:32:29', 'Google Chrome on windows', '138.199.21.196'),
(6577, 9999, '2023-02-23 09:47:14', 'Google Chrome on windows', '188.43.136.43'),
(6578, 10002, '2023-02-23 10:49:16', 'Google Chrome on linux', '185.220.101.41'),
(6579, 10001, '2023-02-23 10:55:58', 'Google Chrome on windows', '37.19.205.147'),
(6580, 10002, '2023-02-23 10:58:17', 'Google Chrome on linux', '185.220.101.41'),
(6581, 9999, '2023-02-23 13:05:12', 'Google Chrome on linux', '23.129.64.139'),
(6582, 10002, '2023-02-23 13:07:46', 'Google Chrome on linux', '23.129.64.139'),
(6583, 9999, '2023-02-24 15:31:14', 'Google Chrome on linux', '192.42.116.193'),
(6584, 10002, '2023-02-24 15:32:47', 'Google Chrome on linux', '192.42.116.193'),
(6585, 10001, '2023-02-24 22:07:17', 'Google Chrome on windows', '37.19.205.152'),
(6586, 10002, '2023-02-25 11:11:17', 'Google Chrome on windows', '2001:fb1:138:2c3e:a85d:ac1f:2512:a61a'),
(6587, 10002, '2023-02-25 11:50:21', 'Google Chrome on linux', '185.213.154.171'),
(6588, 10002, '2023-02-27 07:45:41', 'Google Chrome on windows', '146.70.119.152'),
(6589, 10002, '2023-02-27 12:50:37', 'Google Chrome on linux', '185.220.101.177'),
(6590, 9999, '2023-02-27 16:12:15', 'Google Chrome on linux', '185.220.100.252'),
(6591, 10002, '2023-02-28 10:24:40', 'Google Chrome on linux', '1.47.94.124'),
(6592, 10002, '2023-02-28 11:51:05', 'Google Chrome on linux', '1.47.94.124'),
(6593, 10002, '2023-02-28 14:24:43', 'Google Chrome on linux', '1.46.157.31'),
(6594, 9999, '2023-02-28 16:10:28', 'Google Chrome on linux', '144.172.73.16'),
(6595, 10001, '2023-03-01 07:24:29', 'Google Chrome on windows', '103.125.235.21'),
(6596, 10002, '2023-03-01 11:07:31', 'Google Chrome on linux', '2001:fb1:138:2c3e:c052:caa8:203e:891'),
(6597, 9999, '2023-03-01 12:48:19', 'Google Chrome on windows', '188.43.136.46'),
(6598, 10002, '2023-03-01 15:38:00', 'Google Chrome on linux', '2a03:1b20:7:f011::a11e'),
(6599, 10002, '2023-03-02 02:41:55', 'Google Chrome on linux', '2001:fb1:138:2c3e:1c6e:e2d8:edcf:7f19'),
(6600, 9999, '2023-03-02 06:34:43', 'Google Chrome on windows', '188.43.136.46'),
(6601, 10002, '2023-03-02 09:04:25', 'Google Chrome on linux', '184.105.48.40'),
(6602, 10002, '2023-03-02 09:33:46', 'Google Chrome on windows', '185.195.232.250'),
(6603, 10002, '2023-03-02 11:19:52', 'Google Chrome on linux', '185.220.100.249'),
(6604, 10002, '2023-03-02 12:06:27', 'Google Chrome on windows', '188.43.136.46'),
(6605, 10002, '2023-03-02 13:01:11', 'Google Chrome on windows', '188.43.136.46'),
(6606, 10002, '2023-03-02 13:01:19', 'Google Chrome on windows', '188.43.136.46'),
(6607, 10002, '2023-03-02 13:01:35', 'Google Chrome on windows', '188.43.136.46'),
(6608, 10002, '2023-03-02 13:02:38', 'Google Chrome on windows', '188.43.136.46'),
(6609, 10002, '2023-03-02 13:02:45', 'Google Chrome on windows', '188.43.136.46'),
(6610, 10002, '2023-03-02 13:03:04', 'Google Chrome on windows', '188.43.136.46'),
(6611, 9999, '2023-03-02 13:32:35', 'Google Chrome on linux', '192.42.116.174'),
(6612, 9999, '2023-03-03 08:18:49', 'Google Chrome on linux', '104.192.3.74'),
(6613, 9999, '2023-03-04 18:36:07', 'Google Chrome on linux', '185.129.62.63'),
(6614, 9999, '2023-03-05 12:33:55', 'Google Chrome on linux', '2a02:6ea0:f207::a02e'),
(6615, 10002, '2023-03-06 09:30:59', 'Google Chrome on windows', '188.43.136.46'),
(6616, 9999, '2023-03-06 09:32:25', 'Google Chrome on windows', '188.43.136.46'),
(6617, 10002, '2023-03-06 12:17:13', 'Google Chrome on windows', '188.43.136.46'),
(6618, 9999, '2023-03-06 12:17:52', 'Google Chrome on windows', '188.43.136.46'),
(6619, 10002, '2023-03-06 13:33:40', 'Google Chrome on windows', '188.43.136.46'),
(6620, 9999, '2023-03-06 13:50:30', 'Google Chrome on windows', '188.43.136.46'),
(6621, 10002, '2023-03-06 13:55:58', 'Google Chrome on windows', '188.43.136.46'),
(6622, 9999, '2023-03-06 15:35:25', 'Google Chrome on linux', '185.100.85.23'),
(6623, 9999, '2023-03-07 16:46:34', 'Google Chrome on linux', '185.220.100.252'),
(6624, 10002, '2023-03-08 06:42:16', 'Google Chrome on windows', '185.195.232.251'),
(6625, 9999, '2023-03-08 13:48:37', 'Google Chrome on windows', '188.43.136.46'),
(6626, 9999, '2023-03-08 15:31:15', 'Google Chrome on linux', '23.129.64.148'),
(6627, 9999, '2023-03-08 16:24:30', 'Google Chrome on windows', '188.43.136.46');

-- --------------------------------------------------------

--
-- Table structure for table `messages`
--

CREATE TABLE `messages` (
  `id` int(11) NOT NULL,
  `senderUserId` int(11) NOT NULL,
  `receiverUserId` int(11) NOT NULL,
  `messageDate` datetime NOT NULL DEFAULT CURRENT_TIMESTAMP,
  `title` varchar(200) NOT NULL,
  `content` longtext NOT NULL,
  `department` varchar(50) NOT NULL,
  `isDeleteSender` int(11) NOT NULL DEFAULT '0',
  `isDeleteReceiver` int(11) NOT NULL DEFAULT '0',
  `isDraft` int(11) NOT NULL DEFAULT '0',
  `isNew` int(11) NOT NULL DEFAULT '1',
  `isReadAdmin` int(11) NOT NULL DEFAULT '1',
  `isnotified` int(11) NOT NULL DEFAULT '0'
) ENGINE=InnoDB DEFAULT CHARSET=latin1 ROW_FORMAT=DYNAMIC;

--
-- Dumping data for table `messages`
--

INSERT INTO `messages` (`id`, `senderUserId`, `receiverUserId`, `messageDate`, `title`, `content`, `department`, `isDeleteSender`, `isDeleteReceiver`, `isDraft`, `isNew`, `isReadAdmin`, `isnotified`) VALUES
(68, 10000, 9999, '2023-02-20 18:10:58', 'hello', 'hello', '9999', 0, 0, 0, 0, 1, 1),
(69, 9999, 10000, '2023-02-20 18:14:08', 'Thanks', 'thanks', 'Administration', 0, 0, 0, 1, 1, 0);

-- --------------------------------------------------------

--
-- Table structure for table `token`
--

CREATE TABLE `token` (
  `id` int(8) NOT NULL,
  `token_type` varchar(50) NOT NULL,
  `token_price` varchar(15) DEFAULT NULL,
  `updated_at` timestamp NOT NULL DEFAULT CURRENT_TIMESTAMP ON UPDATE CURRENT_TIMESTAMP
) ENGINE=InnoDB DEFAULT CHARSET=utf8;

--
-- Dumping data for table `token`
--

INSERT INTO `token` (`id`, `token_type`, `token_price`, `updated_at`) VALUES
(1, 'BITL', '9.50', '2022-10-31 17:29:47');

-- --------------------------------------------------------

--
-- Table structure for table `trades`
--

CREATE TABLE `trades` (
  `id` int(11) NOT NULL,
  `userId` int(11) NOT NULL,
  `tradeDate` date NOT NULL,
  `tradeType` varchar(20) NOT NULL,
  `accountType` varchar(288) NOT NULL,
  `market` varchar(20) DEFAULT NULL,
  `tradeNumber` int(11) NOT NULL,
  `winlossTrade` varchar(30) NOT NULL,
  `profit` decimal(30,2) DEFAULT NULL,
  `currentBalance` decimal(30,2) NOT NULL,
  `screenshot` varchar(200) DEFAULT NULL,
  `profitpercentage` double NOT NULL,
  `totalprofit` double NOT NULL
) ENGINE=InnoDB DEFAULT CHARSET=latin1 ROW_FORMAT=DYNAMIC;

--
-- Dumping data for table `trades`
--

INSERT INTO `trades` (`id`, `userId`, `tradeDate`, `tradeType`, `accountType`, `market`, `tradeNumber`, `winlossTrade`, `profit`, `currentBalance`, `screenshot`, `profitpercentage`, `totalprofit`) VALUES
(42883, 10000, '2023-02-21', 'long', 'tc', 'BTC/USDT', 2093, 'win', '2.50', '1002.50', '', 0.25, 2.5),
(42884, 10001, '2023-02-23', 'short', 'tc', 'BTC/USDT', 3811, 'win', '2.50', '1002.50', '', 0.25, 2.5),
(42885, 10002, '2023-02-23', 'short', 'tc', 'BTC/USDT', 3811, 'win', '2.50', '1002.50', '', 0.25, 2.5),
(42886, 10001, '2023-02-23', 'long', 'tc', 'LINK/USDT', 3812, 'win', '2.51', '1005.01', '', 0.5, 5.00625),
(42887, 10002, '2023-02-23', 'long', 'tc', 'LINK/USDT', 3812, 'win', '2.51', '1005.01', '', 0.5, 5.00625),
(42888, 10001, '2023-02-23', 'long', 'tc', 'ETH/USDT', 3813, 'win', '2.51', '1007.52', '', 0.75, 7.518775),
(42889, 10002, '2023-02-23', 'long', 'tc', 'ETH/USDT', 3813, 'win', '2.51', '1007.52', '', 0.75, 7.518775),
(42890, 10001, '2023-02-24', 'short', 'tc', 'BTC/USDT', 3814, 'win', '2.52', '1010.04', '', 1, 10.037575),
(42891, 10002, '2023-02-24', 'short', 'tc', 'BTC/USDT', 3814, 'win', '2.52', '1010.04', '', 1, 10.037575),
(42892, 10003, '2023-02-24', 'short', 'tc', 'BTC/USDT', 3814, 'win', '2.50', '1002.50', '', 0.25, 2.5),
(42893, 10001, '2023-02-24', 'short', 'tc', 'LTC/USDT', 3815, 'win', '2.53', '1012.57', '', 1.26, 12.562675),
(42894, 10002, '2023-02-24', 'short', 'tc', 'LTC/USDT', 3815, 'win', '2.53', '1012.57', '', 1.26, 12.562675),
(42895, 10003, '2023-02-24', 'short', 'tc', 'LTC/USDT', 3815, 'win', '2.51', '1005.01', '', 0.5, 5.00625),
(42896, 10001, '2023-02-24', 'short', 'tc', 'ADA/USDT', 3816, 'win', '2.53', '1015.10', '', 1.51, 15.0941),
(42897, 10002, '2023-02-24', 'short', 'tc', 'ADA/USDT', 3816, 'win', '2.53', '1015.10', '', 1.51, 15.0941),
(42898, 10003, '2023-02-24', 'short', 'tc', 'ADA/USDT', 3816, 'win', '2.51', '1007.52', '', 0.75, 7.518775),
(42899, 10001, '2023-02-25', 'short', 'tc', 'BTC/USDT', 3817, 'win', '2.54', '1017.64', '', 1.76, 17.63185),
(42900, 10002, '2023-02-25', 'short', 'tc', 'BTC/USDT', 3817, 'win', '2.54', '1017.64', '', 1.76, 17.63185),
(42901, 10003, '2023-02-25', 'short', 'tc', 'BTC/USDT', 3817, 'win', '2.52', '1010.04', '', 1, 10.037575),
(42902, 10001, '2023-02-25', 'short', 'tc', 'LINK/USDT', 3818, 'win', '2.54', '1020.18', '', 2.02, 20.17595),
(42903, 10002, '2023-02-25', 'short', 'tc', 'LINK/USDT', 3818, 'win', '2.54', '1020.18', '', 2.02, 20.17595),
(42904, 10003, '2023-02-25', 'short', 'tc', 'LINK/USDT', 3818, 'win', '2.53', '1012.57', '', 1.26, 12.562675),
(42905, 10001, '2023-02-25', 'long', 'tc', 'ETH/USDT', 3819, 'loss', '-2.55', '1017.63', '', 1.76, 17.6255),
(42906, 10002, '2023-02-25', 'long', 'tc', 'ETH/USDT', 3819, 'loss', '-2.55', '1017.63', '', 1.76, 17.6255),
(42907, 10003, '2023-02-25', 'long', 'tc', 'ETH/USDT', 3819, 'loss', '-2.53', '1010.04', '', 1, 10.03125),
(42908, 10001, '2023-02-25', 'long', 'tc', 'LTC/USDT', 3820, 'loss', '-2.54', '1015.09', '', 1.51, 15.081425),
(42909, 10002, '2023-02-25', 'long', 'tc', 'LTC/USDT', 3820, 'loss', '-2.54', '1015.09', '', 1.51, 15.081425),
(42910, 10003, '2023-02-25', 'long', 'tc', 'LTC/USDT', 3820, 'loss', '-2.53', '1007.51', '', 0.75, 7.50615),
(42911, 10001, '2023-02-26', 'short', 'tc', 'BTC/USDT', 3821, 'loss', '-2.54', '1012.55', '', 1.25, 12.5437),
(42912, 10002, '2023-02-26', 'short', 'tc', 'BTC/USDT', 3821, 'loss', '-2.54', '1012.55', '', 1.25, 12.5437),
(42913, 10003, '2023-02-26', 'short', 'tc', 'BTC/USDT', 3821, 'loss', '-2.52', '1004.99', '', 0.5, 4.987375),
(42914, 10001, '2023-02-26', 'long', 'tc', 'LTC/USDT', 3822, 'win', '2.53', '1015.08', '', 1.51, 15.075075),
(42915, 10002, '2023-02-26', 'long', 'tc', 'LTC/USDT', 3822, 'win', '2.53', '1015.08', '', 1.51, 15.075075),
(42916, 10003, '2023-02-26', 'long', 'tc', 'LTC/USDT', 3822, 'win', '2.51', '1007.50', '', 0.75, 7.49985),
(42917, 10001, '2023-02-27', 'long', 'tc', 'BTC/USDT', 3823, 'win', '2.54', '1017.62', '', 1.76, 17.612775),
(42918, 10002, '2023-02-27', 'long', 'tc', 'BTC/USDT', 3823, 'win', '2.54', '1017.62', '', 1.76, 17.612775),
(42919, 10003, '2023-02-27', 'long', 'tc', 'BTC/USDT', 3823, 'win', '2.52', '1010.02', '', 1, 10.0186),
(42920, 10001, '2023-02-27', 'short', 'tc', 'LINK/USDT', 3824, 'win', '2.54', '1020.16', '', 2.02, 20.156825),
(42921, 10002, '2023-02-27', 'short', 'tc', 'LINK/USDT', 3824, 'win', '2.54', '1020.16', '', 2.02, 20.156825),
(42922, 10003, '2023-02-27', 'short', 'tc', 'LINK/USDT', 3824, 'win', '2.53', '1012.55', '', 1.25, 12.54365),
(42923, 10001, '2023-02-27', 'long', 'tc', 'LTC/USDT', 3825, 'win', '2.55', '1022.71', '', 2.27, 22.707225),
(42924, 10002, '2023-02-27', 'long', 'tc', 'LTC/USDT', 3825, 'win', '2.55', '1022.71', '', 2.27, 22.707225),
(42925, 10003, '2023-02-27', 'long', 'tc', 'LTC/USDT', 3825, 'win', '2.53', '1015.08', '', 1.51, 15.075025),
(42926, 10001, '2023-02-27', 'long', 'tc', 'BTC/USDT', 3826, 'win', '2.56', '1025.27', '', 2.53, 25.264),
(42927, 10002, '2023-02-27', 'long', 'tc', 'BTC/USDT', 3826, 'win', '2.56', '1025.27', '', 2.53, 25.264),
(42928, 10003, '2023-02-27', 'long', 'tc', 'BTC/USDT', 3826, 'win', '2.54', '1017.62', '', 1.76, 17.612725),
(42929, 10001, '2023-02-28', 'short', 'tc', 'LINK/USDT', 3827, 'win', '2.56', '1027.83', '', 2.78, 27.827175),
(42930, 10002, '2023-02-28', 'short', 'tc', 'LINK/USDT', 3827, 'win', '2.56', '1027.83', '', 2.78, 27.827175),
(42931, 10003, '2023-02-28', 'short', 'tc', 'LINK/USDT', 3827, 'win', '2.54', '1020.16', '', 2.02, 20.156775),
(42932, 10001, '2023-02-28', 'long', 'tc', 'BTC/USDT', 3828, 'win', '2.57', '1030.40', '', 3.04, 30.39675),
(42933, 10002, '2023-02-28', 'long', 'tc', 'BTC/USDT', 3828, 'win', '2.57', '1030.40', '', 3.04, 30.39675),
(42934, 10003, '2023-02-28', 'long', 'tc', 'BTC/USDT', 3828, 'win', '2.55', '1022.71', '', 2.27, 22.707175),
(42935, 10001, '2023-02-28', 'short', 'tc', 'BNB/USDT', 3829, 'win', '2.58', '1032.98', '', 3.3, 32.97275),
(42936, 10002, '2023-02-28', 'short', 'tc', 'BNB/USDT', 3829, 'win', '2.58', '1032.98', '', 3.3, 32.97275),
(42937, 10003, '2023-02-28', 'short', 'tc', 'BNB/USDT', 3829, 'win', '2.56', '1025.27', '', 2.53, 25.26395),
(42938, 10001, '2023-02-28', 'long', 'tc', 'LTC/USDT', 3830, 'win', '2.58', '1035.56', '', 3.56, 35.5552),
(42939, 10002, '2023-02-28', 'long', 'tc', 'LTC/USDT', 3830, 'win', '2.58', '1035.56', '', 3.56, 35.5552),
(42940, 10003, '2023-02-28', 'long', 'tc', 'LTC/USDT', 3830, 'win', '2.56', '1027.83', '', 2.78, 27.827125),
(42941, 10001, '2023-03-01', 'long', 'tc', 'LTC/USDT', 3831, 'win', '2.59', '1038.15', '', 3.81, 38.1441),
(42942, 10002, '2023-03-01', 'long', 'tc', 'LTC/USDT', 3831, 'win', '2.59', '1038.15', '', 3.81, 38.1441),
(42943, 10003, '2023-03-01', 'long', 'tc', 'LTC/USDT', 3831, 'win', '2.57', '1030.40', '', 3.04, 30.3967),
(42944, 10001, '2023-03-01', 'long', 'tc', 'BTC/USDT', 3832, 'win', '2.60', '1040.75', '', 4.07, 40.739475),
(42945, 10002, '2023-03-01', 'long', 'tc', 'BTC/USDT', 3832, 'win', '2.60', '1040.75', '', 4.07, 40.739475),
(42946, 10003, '2023-03-01', 'long', 'tc', 'BTC/USDT', 3832, 'win', '2.58', '1032.98', '', 3.3, 32.9727),
(42947, 10001, '2023-03-02', 'long', 'tc', 'BTC/USDT', 3833, 'win', '2.60', '1043.35', '', 4.33, 43.34135),
(42948, 10002, '2023-03-02', 'long', 'tc', 'BTC/USDT', 3833, 'win', '2.60', '1043.35', '', 4.33, 43.34135),
(42949, 10003, '2023-03-02', 'long', 'tc', 'BTC/USDT', 3833, 'win', '2.58', '1035.56', '', 3.56, 35.55515),
(42950, 10004, '2023-03-02', 'long', 'tc', 'BTC/USDT', 3833, 'win', '2.50', '1002.50', '', 0.25, 2.5),
(42951, 10001, '2023-03-02', 'long', 'tc', 'LTC/USDT', 3834, 'win', '2.61', '1045.96', '', 4.59, 45.949725),
(42952, 10002, '2023-03-02', 'long', 'tc', 'LTC/USDT', 3834, 'win', '2.61', '1045.96', '', 4.59, 45.949725),
(42953, 10003, '2023-03-02', 'long', 'tc', 'LTC/USDT', 3834, 'win', '2.59', '1038.15', '', 3.81, 38.14405),
(42954, 10004, '2023-03-02', 'long', 'tc', 'LTC/USDT', 3834, 'win', '2.51', '1005.01', '', 0.5, 5.00625),
(42955, 10001, '2023-03-02', 'long', 'tc', 'LINK/USDT', 3835, 'win', '2.61', '1048.57', '', 4.86, 48.564625),
(42956, 10002, '2023-03-02', 'long', 'tc', 'LINK/USDT', 3835, 'win', '2.61', '1048.57', '', 4.86, 48.564625),
(42957, 10003, '2023-03-02', 'long', 'tc', 'LINK/USDT', 3835, 'win', '2.60', '1040.75', '', 4.07, 40.739425),
(42958, 10004, '2023-03-02', 'long', 'tc', 'LINK/USDT', 3835, 'win', '2.51', '1007.52', '', 0.75, 7.518775),
(42959, 10001, '2023-03-02', 'long', 'tc', 'LINK/USDT', 3836, 'win', '2.62', '1051.19', '', 5.12, 51.18605),
(42960, 10002, '2023-03-02', 'long', 'tc', 'LINK/USDT', 3836, 'win', '2.62', '1051.19', '', 5.12, 51.18605),
(42961, 10003, '2023-03-02', 'long', 'tc', 'LINK/USDT', 3836, 'win', '2.60', '1043.35', '', 4.33, 43.3413),
(42962, 10004, '2023-03-02', 'long', 'tc', 'LINK/USDT', 3836, 'win', '2.52', '1010.04', '', 1, 10.037575),
(42963, 10001, '2023-03-03', 'short', 'tc', 'BTC/USDT', 3837, 'win', '2.63', '1053.82', '', 5.38, 53.814025),
(42964, 10002, '2023-03-03', 'short', 'tc', 'BTC/USDT', 3837, 'win', '2.63', '1053.82', '', 5.38, 53.814025),
(42965, 10003, '2023-03-03', 'short', 'tc', 'BTC/USDT', 3837, 'win', '2.61', '1045.96', '', 4.59, 45.949675),
(42966, 10004, '2023-03-03', 'short', 'tc', 'BTC/USDT', 3837, 'win', '2.53', '1012.57', '', 1.26, 12.562675),
(42967, 10001, '2023-03-03', 'short', 'tc', 'BTC/USDT', 3838, 'win', '2.63', '1056.45', '', 5.64, 56.448575),
(42968, 10002, '2023-03-03', 'short', 'tc', 'BTC/USDT', 3838, 'win', '2.63', '1056.45', '', 5.64, 56.448575),
(42969, 10003, '2023-03-03', 'short', 'tc', 'BTC/USDT', 3838, 'win', '2.61', '1048.57', '', 4.86, 48.564575),
(42970, 10004, '2023-03-03', 'short', 'tc', 'BTC/USDT', 3838, 'win', '2.53', '1015.10', '', 1.51, 15.0941),
(42971, 10001, '2023-03-03', 'short', 'tc', 'LTC/USDT', 3839, 'win', '2.64', '1059.09', '', 5.91, 59.0897),
(42972, 10002, '2023-03-03', 'short', 'tc', 'LTC/USDT', 3839, 'win', '2.64', '1059.09', '', 5.91, 59.0897),
(42973, 10003, '2023-03-03', 'short', 'tc', 'LTC/USDT', 3839, 'win', '2.62', '1051.19', '', 5.12, 51.186),
(42974, 10004, '2023-03-03', 'short', 'tc', 'LTC/USDT', 3839, 'win', '2.54', '1017.64', '', 1.76, 17.63185),
(42975, 10001, '2023-03-03', 'short', 'tc', 'BTC/USDT', 3840, 'win', '2.65', '1061.74', '', 6.17, 61.737425),
(42976, 10002, '2023-03-03', 'short', 'tc', 'BTC/USDT', 3840, 'win', '2.65', '1061.74', '', 6.17, 61.737425),
(42977, 10003, '2023-03-03', 'short', 'tc', 'BTC/USDT', 3840, 'win', '2.63', '1053.82', '', 5.38, 53.813975),
(42978, 10004, '2023-03-03', 'short', 'tc', 'BTC/USDT', 3840, 'win', '2.54', '1020.18', '', 2.02, 20.17595),
(42979, 10001, '2023-03-04', 'short', 'tc', 'ADA/USDT', 3841, 'win', '2.65', '1064.39', '', 6.44, 64.391775),
(42980, 10002, '2023-03-04', 'short', 'tc', 'ADA/USDT', 3841, 'win', '2.65', '1064.39', '', 6.44, 64.391775),
(42981, 10003, '2023-03-04', 'short', 'tc', 'ADA/USDT', 3841, 'win', '2.63', '1056.45', '', 5.64, 56.448525),
(42982, 10004, '2023-03-04', 'short', 'tc', 'ADA/USDT', 3841, 'win', '2.55', '1022.73', '', 2.27, 22.7264),
(42983, 10001, '2023-03-04', 'short', 'tc', 'XRP/USDT', 3842, 'win', '2.66', '1067.05', '', 6.71, 67.05275),
(42984, 10002, '2023-03-04', 'short', 'tc', 'XRP/USDT', 3842, 'win', '2.66', '1067.05', '', 6.71, 67.05275),
(42985, 10003, '2023-03-04', 'short', 'tc', 'XRP/USDT', 3842, 'win', '2.64', '1059.09', '', 5.91, 59.08965),
(42986, 10004, '2023-03-04', 'short', 'tc', 'XRP/USDT', 3842, 'win', '2.56', '1025.29', '', 2.53, 25.283225),
(42987, 10001, '2023-03-04', 'short', 'tc', 'XRP/USDT', 3843, 'win', '2.67', '1069.72', '', 6.97, 69.720375),
(42988, 10002, '2023-03-04', 'short', 'tc', 'XRP/USDT', 3843, 'win', '2.67', '1069.72', '', 6.97, 69.720375),
(42989, 10003, '2023-03-04', 'short', 'tc', 'XRP/USDT', 3843, 'win', '2.65', '1061.74', '', 6.17, 61.737375),
(42990, 10004, '2023-03-04', 'short', 'tc', 'XRP/USDT', 3843, 'win', '2.56', '1027.85', '', 2.78, 27.84645),
(42991, 10001, '2023-03-05', 'long', 'tc', 'LINK/USDT', 3844, 'win', '2.67', '1072.39', '', 7.24, 72.394675),
(42992, 10002, '2023-03-05', 'long', 'tc', 'LINK/USDT', 3844, 'win', '2.67', '1072.39', '', 7.24, 72.394675),
(42993, 10003, '2023-03-05', 'long', 'tc', 'LINK/USDT', 3844, 'win', '2.65', '1064.39', '', 6.44, 64.391725),
(42994, 10004, '2023-03-05', 'long', 'tc', 'LINK/USDT', 3844, 'win', '2.57', '1030.42', '', 3.04, 30.416075),
(42995, 10001, '2023-03-05', 'long', 'tc', 'BNB/USDT', 3845, 'win', '2.68', '1075.07', '', 7.51, 75.07565),
(42996, 10002, '2023-03-05', 'long', 'tc', 'BNB/USDT', 3845, 'win', '2.68', '1075.07', '', 7.51, 75.07565),
(42997, 10003, '2023-03-05', 'long', 'tc', 'BNB/USDT', 3845, 'win', '2.66', '1067.05', '', 6.71, 67.0527),
(42998, 10004, '2023-03-05', 'long', 'tc', 'BNB/USDT', 3845, 'win', '2.58', '1033.00', '', 3.3, 32.992125),
(42999, 10001, '2023-03-05', 'long', 'tc', 'LTC/USDT', 3846, 'win', '2.69', '1077.76', '', 7.78, 77.763325),
(43000, 10002, '2023-03-05', 'long', 'tc', 'LTC/USDT', 3846, 'win', '2.69', '1077.76', '', 7.78, 77.763325),
(43001, 10003, '2023-03-05', 'long', 'tc', 'LTC/USDT', 3846, 'win', '2.67', '1069.72', '', 6.97, 69.720325),
(43002, 10004, '2023-03-05', 'long', 'tc', 'LTC/USDT', 3846, 'win', '2.58', '1035.58', '', 3.56, 35.574625),
(43003, 10001, '2023-03-06', 'long', 'tc', 'BTC/USDT', 3847, 'win', '2.69', '1080.45', '', 8.05, 80.457725),
(43004, 10002, '2023-03-06', 'long', 'tc', 'BTC/USDT', 3847, 'win', '2.69', '1080.45', '', 8.05, 80.457725),
(43005, 10003, '2023-03-06', 'long', 'tc', 'BTC/USDT', 3847, 'win', '2.67', '1072.39', '', 7.24, 72.394625),
(43006, 10004, '2023-03-06', 'long', 'tc', 'BTC/USDT', 3847, 'win', '2.59', '1038.17', '', 3.82, 38.163575),
(43007, 10001, '2023-03-06', 'short', 'tc', 'LTC/USDT', 3848, 'win', '2.70', '1083.15', '', 8.32, 83.15885),
(43008, 10002, '2023-03-06', 'short', 'tc', 'LTC/USDT', 3848, 'win', '2.70', '1083.15', '', 8.32, 83.15885),
(43009, 10003, '2023-03-06', 'short', 'tc', 'LTC/USDT', 3848, 'win', '2.68', '1075.07', '', 7.51, 75.0756),
(43010, 10004, '2023-03-06', 'short', 'tc', 'LTC/USDT', 3848, 'win', '2.60', '1040.77', '', 4.08, 40.759),
(43011, 10001, '2023-03-06', 'short', 'tc', 'XRP/USDT', 3849, 'win', '2.71', '1085.86', '', 8.59, 85.866725),
(43012, 10002, '2023-03-06', 'short', 'tc', 'XRP/USDT', 3849, 'win', '2.71', '1085.86', '', 8.59, 85.866725),
(43013, 10003, '2023-03-06', 'short', 'tc', 'XRP/USDT', 3849, 'win', '2.69', '1077.76', '', 7.78, 77.763275),
(43014, 10004, '2023-03-06', 'short', 'tc', 'XRP/USDT', 3849, 'win', '2.60', '1043.37', '', 4.34, 43.360925),
(43015, 10001, '2023-03-07', 'short', 'tc', 'BTC/USDT', 3850, 'win', '2.71', '1088.57', '', 8.86, 88.581375),
(43016, 10002, '2023-03-07', 'short', 'tc', 'BTC/USDT', 3850, 'win', '2.71', '1088.57', '', 8.86, 88.581375),
(43017, 10003, '2023-03-07', 'short', 'tc', 'BTC/USDT', 3850, 'win', '2.69', '1080.45', '', 8.05, 80.457675),
(43018, 10004, '2023-03-07', 'short', 'tc', 'BTC/USDT', 3850, 'win', '2.61', '1045.98', '', 4.6, 45.96935),
(43019, 10001, '2023-03-07', 'short', 'tc', 'ETH/USDT', 3851, 'win', '2.72', '1091.29', '', 9.13, 91.3028),
(43020, 10002, '2023-03-07', 'short', 'tc', 'ETH/USDT', 3851, 'win', '2.72', '1091.29', '', 9.13, 91.3028),
(43021, 10003, '2023-03-07', 'short', 'tc', 'ETH/USDT', 3851, 'win', '2.70', '1083.15', '', 8.32, 83.1588),
(43022, 10004, '2023-03-07', 'short', 'tc', 'ETH/USDT', 3851, 'win', '2.61', '1048.59', '', 4.86, 48.5843),
(43023, 10001, '2023-03-07', 'short', 'tc', 'ETH/USDT', 3852, 'win', '2.73', '1094.02', '', 9.4, 94.031025),
(43024, 10002, '2023-03-07', 'short', 'tc', 'ETH/USDT', 3852, 'win', '2.73', '1094.02', '', 9.4, 94.031025),
(43025, 10003, '2023-03-07', 'short', 'tc', 'ETH/USDT', 3852, 'win', '2.71', '1085.86', '', 8.59, 85.866675),
(43026, 10004, '2023-03-07', 'short', 'tc', 'ETH/USDT', 3852, 'win', '2.62', '1051.21', '', 5.12, 51.205775),
(43027, 10001, '2023-03-08', 'long', 'tc', 'XRP/USDT', 3853, 'win', '2.74', '1096.76', '', 9.68, 96.766075),
(43028, 10002, '2023-03-08', 'long', 'tc', 'XRP/USDT', 3853, 'win', '2.74', '1096.76', '', 9.68, 96.766075),
(43029, 10003, '2023-03-08', 'long', 'tc', 'XRP/USDT', 3853, 'win', '2.71', '1088.57', '', 8.86, 88.581325),
(43030, 10004, '2023-03-08', 'long', 'tc', 'XRP/USDT', 3853, 'win', '2.63', '1053.84', '', 5.38, 53.8338),
(43031, 10001, '2023-03-08', 'short', 'tc', 'BTC/USDT', 3854, 'loss', '-2.74', '1094.02', '', 9.4, 94.024175),
(43032, 10002, '2023-03-08', 'short', 'tc', 'BTC/USDT', 3854, 'loss', '-2.74', '1094.02', '', 9.4, 94.024175),
(43033, 10003, '2023-03-08', 'short', 'tc', 'BTC/USDT', 3854, 'loss', '-2.72', '1085.85', '', 8.59, 85.8599),
(43034, 10004, '2023-03-08', 'short', 'tc', 'BTC/USDT', 3854, 'loss', '-2.63', '1051.21', '', 5.12, 51.1992),
(43035, 10001, '2023-03-08', 'long', 'tc', 'XRP/USDT', 3855, 'win', '2.74', '1096.76', '', 9.68, 96.759225),
(43036, 10002, '2023-03-08', 'long', 'tc', 'XRP/USDT', 3855, 'win', '2.74', '1096.76', '', 9.68, 96.759225),
(43037, 10003, '2023-03-08', 'long', 'tc', 'XRP/USDT', 3855, 'win', '2.71', '1088.56', '', 8.86, 88.574525),
(43038, 10004, '2023-03-08', 'long', 'tc', 'XRP/USDT', 3855, 'win', '2.63', '1053.84', '', 5.38, 53.827225);

-- --------------------------------------------------------

--
-- Table structure for table `users`
--

CREATE TABLE `users` (
  `id` int(11) NOT NULL,
  `email` varchar(100) DEFAULT NULL,
  `password` varchar(50) NOT NULL,
  `firstName` varchar(40) DEFAULT NULL,
  `lastName` varchar(40) DEFAULT NULL,
  `mainContactNumber` varchar(20) DEFAULT NULL,
  `dateOfBirth` date DEFAULT NULL,
  `alternativeContact` varchar(255) DEFAULT NULL,
  `trialExpiryDate` date DEFAULT NULL,
  `dateCreated` timestamp NULL DEFAULT CURRENT_TIMESTAMP,
  `addressLine1` varchar(100) DEFAULT NULL,
  `addressLine2` varchar(100) DEFAULT NULL,
  `city` varchar(100) DEFAULT NULL,
  `county` varchar(50) DEFAULT NULL,
  `country` varchar(100) DEFAULT NULL,
  `postalCode` varchar(10) DEFAULT NULL,
  `bankName` varchar(100) DEFAULT NULL,
  `bankAddress` varchar(100) DEFAULT NULL,
  `bankAddress1` varchar(288) DEFAULT NULL,
  `bankAccountName` varchar(100) DEFAULT NULL,
  `bankAccountNumber` varchar(60) DEFAULT NULL,
  `bankSortCode` varchar(20) DEFAULT NULL,
  `bankSwiftBicCode` varchar(40) DEFAULT NULL,
  `bankIbanNumber` varchar(50) DEFAULT NULL,
  `accountManager` varchar(50) DEFAULT NULL,
  `accountType` varchar(50) DEFAULT NULL,
  `applicationType` varchar(50) DEFAULT NULL,
  `accountCurrency` varchar(288) DEFAULT NULL,
  `initialInvestment` int(11) DEFAULT NULL,
  `accountOpening` timestamp NULL DEFAULT CURRENT_TIMESTAMP,
  `dividendPayment` varchar(288) DEFAULT NULL,
  `kyc_aml_approve` varchar(50) DEFAULT 'no',
  `debitcard` varchar(50) DEFAULT 'no',
  `profilePath` varchar(288) DEFAULT '',
  `isSaveLoginHistory` int(11) DEFAULT '1',
  `active` int(11) DEFAULT '1',
  `agent` varchar(250) DEFAULT NULL,
  `tokenId` int(8) NOT NULL DEFAULT '1',
  `tokenAmount` int(11) NOT NULL DEFAULT '0',
  `agent_id` int(8) DEFAULT '0',
  `agent_role` int(8) DEFAULT '0'
) ENGINE=InnoDB DEFAULT CHARSET=latin1 ROW_FORMAT=DYNAMIC;

--
-- Dumping data for table `users`
--

INSERT INTO `users` (`id`, `email`, `password`, `firstName`, `lastName`, `mainContactNumber`, `dateOfBirth`, `alternativeContact`, `trialExpiryDate`, `dateCreated`, `addressLine1`, `addressLine2`, `city`, `county`, `country`, `postalCode`, `bankName`, `bankAddress`, `bankAddress1`, `bankAccountName`, `bankAccountNumber`, `bankSortCode`, `bankSwiftBicCode`, `bankIbanNumber`, `accountManager`, `accountType`, `applicationType`, `accountCurrency`, `initialInvestment`, `accountOpening`, `dividendPayment`, `kyc_aml_approve`, `debitcard`, `profilePath`, `isSaveLoginHistory`, `active`, `agent`, `tokenId`, `tokenAmount`, `agent_id`, `agent_role`) VALUES
(9999, 'info@clientrdtmarkets.com', '45480b8c0b87fe8246f057e6b5a8e96d', 'admin', '', NULL, '0000-00-00', NULL, NULL, '2021-01-28 11:11:48', '', '', '', '', '', '', '', '', '', '', '', '', '', '', '', '', NULL, '', 0, '0000-00-00 00:00:00', '', '', '', '', 1, 1, NULL, 1, 100, 0, 0),
(10000, 'rorefu.ugibes@jollyfree.com', 'c42319cd2daeac2b31595baa84dedd2c', 'Demo', 'Account', '003728817263', '1984-06-12', '', '2023-03-06', '2023-02-20 18:02:47', 'Demo SAtreet', '', 'Prague ', '', 'Czech Republic', '82773', NULL, NULL, NULL, NULL, NULL, NULL, NULL, NULL, NULL, 'tc', 'individual', 'USD', 1000, '2023-02-20 18:02:47', NULL, 'no', 'no', '', 1, 0, NULL, 1, 0, 0, 0),
(10001, 's.d.mills@protonmail.com', 'da721dbf3434296b950455ec9216a4f4', 'Sam', 'Mills', '61458973619', '1974-07-17', '', '2023-03-09', '2023-02-23 07:30:45', '123 The Avenue', '', 'Brisbane', '', 'Australia', '123456', NULL, NULL, NULL, NULL, NULL, NULL, NULL, NULL, NULL, 'tc', 'individual', 'USD', 1000, '2023-02-23 07:30:45', NULL, 'no', 'no', '', 1, 1, NULL, 1, 0, 0, 0),
(10002, 'demo@rdtmarkets.com', '76c376a364e46c9daf77e90024fdd706', 'Edward', 'Hofferman', '0021282263746', '1984-06-12', '', '2023-03-09', '2023-02-23 10:47:51', 'Demo Rue 30', '', 'Agadir', '', 'Turkey', 'TURK7', NULL, NULL, NULL, NULL, NULL, NULL, NULL, NULL, NULL, 'tc', 'individual', 'USD', 1000, '2023-02-23 10:47:51', NULL, 'no', 'no', '', 1, 1, NULL, 1, 0, 0, 0),
(10003, 'a.n.t.oniosup.e.r.s.p.or.tk.u.c.ha.a20.5@gmail.com', '41065e2c593a99c98ed7c7f4a3e28e2c', 'Lien', 'Molle', '03.02.67.14.94', '1970-01-01', '', '2023-03-10', '2023-02-24 06:28:19', '28 Boulevard Aristide Briand', '', 'Le Creusot', 'CENTRE', 'France', '71200', NULL, NULL, NULL, NULL, NULL, NULL, NULL, NULL, NULL, 'tc', 'individual', 'USD', 1000, '2023-02-24 06:28:19', NULL, 'no', 'no', '', 1, 1, NULL, 1, 0, 0, 0),
(10004, 'fetrosusti@gufum.com', 'e91cfcd33fdededf6498c58da58e7321', 'Test', 'Account', '67443218876', '2023-05-21', '', '2023-03-16', '2023-03-02 08:31:05', 'Test Ville', '', 'Berlin', '', 'Andorra', 'BERL1N', NULL, NULL, NULL, NULL, NULL, NULL, NULL, NULL, NULL, 'tc', 'individual', 'USD', 1000, '2023-03-02 08:31:05', NULL, 'no', 'no', '', 1, 1, NULL, 1, 0, 0, 0);

-- --------------------------------------------------------

--
-- Table structure for table `withdraw`
--

CREATE TABLE `withdraw` (
  `id` int(11) NOT NULL,
  `userId` int(11) NOT NULL,
  `withdrawAmount` int(11) NOT NULL,
  `withdrawCurrency` varchar(50) NOT NULL,
  `withdrawDate` date NOT NULL,
  `withdrawMethod` varchar(50) NOT NULL,
  `status` varchar(50) NOT NULL
) ENGINE=MyISAM DEFAULT CHARSET=latin1 ROW_FORMAT=DYNAMIC;

--
-- Dumping data for table `withdraw`
--

INSERT INTO `withdraw` (`id`, `userId`, `withdrawAmount`, `withdrawCurrency`, `withdrawDate`, `withdrawMethod`, `status`) VALUES
(134, 10002, 9000, 'BTC', '2023-03-02', 'cryptoCurrency', 'Pending'),
(133, 10000, 2333, 'BTC', '2023-02-20', 'cryptoCurrency', 'Pending');

--
-- Indexes for dumped tables
--

--
-- Indexes for table `deposit`
--
ALTER TABLE `deposit`
  ADD PRIMARY KEY (`id`) USING BTREE;

--
-- Indexes for table `kycdocuments`
--
ALTER TABLE `kycdocuments`
  ADD PRIMARY KEY (`id`) USING BTREE;

--
-- Indexes for table `loginhistory`
--
ALTER TABLE `loginhistory`
  ADD PRIMARY KEY (`id`) USING BTREE;

--
-- Indexes for table `messages`
--
ALTER TABLE `messages`
  ADD PRIMARY KEY (`id`) USING BTREE;

--
-- Indexes for table `token`
--
ALTER TABLE `token`
  ADD PRIMARY KEY (`id`,`token_type`);

--
-- Indexes for table `trades`
--
ALTER TABLE `trades`
  ADD PRIMARY KEY (`id`) USING BTREE,
  ADD KEY `ind_user` (`userId`) USING BTREE;

--
-- Indexes for table `users`
--
ALTER TABLE `users`
  ADD PRIMARY KEY (`id`) USING BTREE,
  ADD UNIQUE KEY `uniqu` (`email`) USING BTREE;

--
-- Indexes for table `withdraw`
--
ALTER TABLE `withdraw`
  ADD PRIMARY KEY (`id`) USING BTREE;

--
-- AUTO_INCREMENT for dumped tables
--

--
-- AUTO_INCREMENT for table `deposit`
--
ALTER TABLE `deposit`
  MODIFY `id` int(11) NOT NULL AUTO_INCREMENT, AUTO_INCREMENT=83;

--
-- AUTO_INCREMENT for table `kycdocuments`
--
ALTER TABLE `kycdocuments`
  MODIFY `id` int(11) NOT NULL AUTO_INCREMENT, AUTO_INCREMENT=129;

--
-- AUTO_INCREMENT for table `loginhistory`
--
ALTER TABLE `loginhistory`
  MODIFY `id` int(11) NOT NULL AUTO_INCREMENT, AUTO_INCREMENT=6628;

--
-- AUTO_INCREMENT for table `messages`
--
ALTER TABLE `messages`
  MODIFY `id` int(11) NOT NULL AUTO_INCREMENT, AUTO_INCREMENT=70;

--
-- AUTO_INCREMENT for table `token`
--
ALTER TABLE `token`
  MODIFY `id` int(8) NOT NULL AUTO_INCREMENT, AUTO_INCREMENT=2;

--
-- AUTO_INCREMENT for table `trades`
--
ALTER TABLE `trades`
  MODIFY `id` int(11) NOT NULL AUTO_INCREMENT, AUTO_INCREMENT=43039;

--
-- AUTO_INCREMENT for table `users`
--
ALTER TABLE `users`
  MODIFY `id` int(11) NOT NULL AUTO_INCREMENT, AUTO_INCREMENT=10005;

--
-- AUTO_INCREMENT for table `withdraw`
--
ALTER TABLE `withdraw`
  MODIFY `id` int(11) NOT NULL AUTO_INCREMENT, AUTO_INCREMENT=135;

--
-- Constraints for dumped tables
--

--
-- Constraints for table `trades`
--
ALTER TABLE `trades`
  ADD CONSTRAINT `trades_ibfk_1` FOREIGN KEY (`userId`) REFERENCES `users` (`id`) ON DELETE CASCADE ON UPDATE CASCADE;
COMMIT;

/*!40101 SET CHARACTER_SET_CLIENT=@OLD_CHARACTER_SET_CLIENT */;
/*!40101 SET CHARACTER_SET_RESULTS=@OLD_CHARACTER_SET_RESULTS */;
/*!40101 SET COLLATION_CONNECTION=@OLD_COLLATION_CONNECTION */;
